ID,m1,m2,m3,m4,m5,m6,m7,m8,m9,m10,m11,m12,m13,m14,m15,m16,m17,m18,m19,m20,m21,m22,m23,m24,m25,m26,m27,m28,m29,m30,m31,m32,m33,m34,m35,m36,m37,m38,m39,m40,m41,m42,m43,m44,m45,m46,m47,m48,m49,m50,m51,m52,m53,m54,m55,m56,m57,m58,m59,m60,m61,m62,m63,m64,m65,m66,m67,m68,m69,m70,m71,m72,m73,m74,m75,m76,m77,m78,m79,m80,m81,m82,m83,m84,m85,m86,m87,m88,m89,m90,m91,m92,m93,m94,m95,m96,m97,m98,m99,m100
886,2.0,0.86,1.0,0.0,0.0,0.0,2.0,1.0,2.0,0.0,1.0,1.0,1.0,2.0,2.0,0.0,2.0,1.0,1.0,2.0,1.0,0.0,0.0,1.0,2.0,1.0,1.0,1.0,1.0,1.0,2.0,2.0,2.0,0.0,1.0,0.0,1.0,2.0,2.0,2.0,1.0,0.0,2.0,1.0,1.0,1.0,2.0,2.0,1.0,0.0,1.0,0.0,2.0,0.0,2.0,0.0,2.0,0.0,2.0,2.0,0.0,2.0,1.0,1.0,2.0,0.0,1.0,1.0,1.0,1.0,2.0,2.0,0.0,0.0,1.0,0.0,2.0,0.0,0.0,0.0,2.0,1.0,1.0,2.0,2.0,1.0,0.0,2.0,2.0,1.0,1.0,1.0,0.0,2.0,1.0,2.0,1.0,2.0,0.0,1.0
887,1.0,1.0,0.0,0.0,1.0,0.0,1.0,1.0,1.0,0.0,1.0,1.0,1.0,2.0,1.0,1.0,1.0,0.0,1.0,1.0,1.0,1.0,0.0,0.0,2.0,0.0,1.0,1.0,2.0,1.0,1.0,1.0,0.0,0.0,2.0,1.0,1.0,2.0,2.0,2.0,2.0,1.0,2.0,1.0,2.0,2.0,1.0,1.0,2.0,1.0,0.0,0.0,2.0,0.0,2.0,2.0,2.0,0.0,2.0,1.0,2.0,2.0,2.0,2.0,2.0,0.0,1.0,0.0,0.0,2.0,2.0,2.0,1.0,0.0,1.0,0.0,1.0,0.0,0.0,0.0,1.0,0.0,1.0,2.0,2.0,0.0,1.0,2.0,1.0,2.0,1.0,1.0,0.0,2.0,1.0,2.0,1.0,2.0,2.0,1.0
1393,2.0,1.0,1.0,2.0,0.0,1.0,2.0,2.0,2.0,0.0,1.0,0.0,1.0,1.0,2.0,2.0,2.0,1.0,1.0,1.0,2.0,0.0,1.0,0.0,2.0,1.0,1.0,1.0,0.0,1.0,0.0,1.0,1.0,0.0,0.0,1.0,1.0,0.0,2.0,1.0,2.0,0.0,2.0,2.0,0.0,0.0,2.0,1.0,2.0,0.0,0.0,0.0,2.0,0.0,2.0,0.0,1.0,0.0,2.0,2.0,1.0,2.0,0.0,1.0,2.0,0.0,1.0,1.0,0.0,0.0,1.0,2.0,0.0,1.0,0.0,0.0,1.0,0.0,0.0,0.0,2.0,0.0,0.0,1.0,2.0,0.0,2.0,2.0,1.0,2.0,1.0,1.0,2.0,2.0,1.0,2.0,0.0,2.0,1.0,0.0
1789,1.0,2.0,2.0,2.0,0.0,1.0,2.0,1.0,2.0,0.0,0.0,1.0,1.0,2.0,1.0,2.0,2.0,1.0,2.0,2.0,1.0,0.0,0.0,0.0,2.0,1.0,1.0,1.0,1.0,0.0,0.0,2.0,1.0,1.0,0.0,1.0,0.0,2.0,2.0,2.0,2.0,1.0,2.0,1.0,1.0,1.0,2.0,1.0,2.0,1.0,0.0,0.0,2.0,0.0,1.0,2.0,2.0,0.0,2.0,2.0,2.0,2.0,1.0,0.0,2.0,0.0,1.0,1.0,0.0,0.0,2.0,2.0,0.0,0.0,1.0,1.0,1.0,0.0,0.0,0.0,2.0,0.0,0.0,0.0,2.0,1.0,0.0,2.0,1.0,2.0,1.0,0.0,0.0,1.0,2.0,2.0,1.0,2.0,0.0,1.0
1826,1.0,0.0,1.0,1.0,1.0,1.0,2.0,0.0,2.0,1.0,2.0,1.0,2.0,1.0,1.0,1.0,2.0,2.0,1.0,0.0,1.0,0.0,1.0,1.0,2.0,2.0,1.0,0.0,0.0,0.0,1.0,2.0,1.0,0.0,0.0,1.0,1.0,1.0,1.0,0.0,2.0,1.0,1.0,1.0,0.0,2.0,1.0,0.0,0.0,0.0,0.0,0.0,1.0,0.0,1.0,2.0,2.0,0.0,2.0,0.0,2.0,2.0,0.0,2.0,2.0,0.0,1.0,0.0,1.0,1.0,1.0,1.0,0.0,1.0,1.0,0.0,2.0,0.0,1.0,0.0,2.0,0.0,1.0,1.0,2.0,1.0,1.0,2.0,0.0,2.0,0.0,2.0,0.0,1.0,2.0,2.0,0.0,2.0,1.0,0.0
2132,2.0,0.0,2.0,1.0,1.0,0.0,2.0,2.0,2.0,0.0,2.0,0.0,2.0,2.0,2.0,2.0,2.0,0.0,2.0,0.0,2.0,0.0,1.0,0.0,2.0,1.0,2.0,1.0,0.0,0.0,0.0,1.0,1.0,0.0,0.0,2.0,1.0,2.0,2.0,2.0,2.0,0.0,2.0,1.0,0.0,0.0,1.0,0.0,2.0,1.0,0.0,0.0,2.0,0.0,2.0,0.0,2.0,0.0,2.0,2.0,0.0,2.0,1.0,1.0,2.0,2.0,0.0,1.0,0.0,0.0,2.0,2.0,0.0,0.0,1.0,1.0,1.0,0.0,0.0,0.0,2.0,0.0,0.0,1.0,2.0,1.0,2.0,2.0,1.0,2.0,2.0,1.0,0.0,1.0,0.0,0.0,0.0,2.0,1.0,1.0
2199,1.0,0.0,1.0,2.0,0.0,0.0,1.0,1.0,2.0,1.0,0.0,1.0,1.0,2.0,2.0,2.0,2.0,1.0,1.0,0.0,0.0,0.0,1.0,0.0,2.0,1.0,1.0,0.0,1.0,1.0,0.0,0.0,2.0,0.0,0.0,1.0,0.0,2.0,2.0,2.0,2.0,1.0,1.0,0.0,0.0,0.0,1.0,2.0,2.0,1.0,0.0,0.0,2.0,1.0,2.0,0.0,1.0,0.0,2.0,2.0,2.0,1.0,0.0,2.0,2.0,2.0,2.0,2.0,1.0,0.0,2.0,1.0,0.0,0.0,0.0,0.0,2.0,0.0,0.0,0.0,2.0,1.0,1.0,0.0,2.0,2.0,2.0,1.0,0.0,2.0,1.0,2.0,0.0,2.0,1.0,2.0,0.0,2.0,1.0,0.0
2358,1.0,1.0,1.0,0.0,1.0,0.0,0.0,1.0,1.0,0.0,0.0,0.0,1.0,1.0,2.0,2.0,2.0,2.0,1.0,0.0,1.0,0.0,0.0,1.0,2.0,1.0,2.0,1.0,2.0,1.0,0.0,2.0,2.0,0.0,2.0,1.0,2.0,2.0,1.0,2.0,1.0,1.0,1.0,1.0,0.0,1.0,2.0,2.0,2.0,1.0,0.0,0.0,2.0,0.0,1.0,1.0,2.0,0.0,2.0,2.0,1.0,2.0,0.0,1.0,2.0,0.0,2.0,0.0,2.0,0.0,2.0,2.0,0.0,0.0,0.0,1.0,1.0,0.0,0.0,0.0,1.0,1.0,0.0,0.0,2.0,1.0,2.0,0.0,1.0,2.0,1.0,2.0,0.0,2.0,0.0,1.0,1.0,1.0,2.0,1.0
2599,0.0,1.0,2.0,1.0,1.0,0.0,1.0,1.0,2.0,1.0,2.0,0.0,1.0,2.0,2.0,2.0,2.0,0.0,0.0,1.0,0.0,0.0,0.0,1.0,2.0,1.0,2.0,0.0,2.0,1.0,0.0,2.0,1.0,1.0,0.0,2.0,1.0,1.0,1.0,2.0,2.0,0.0,2.0,2.0,1.0,1.0,2.0,2.0,1.0,0.0,1.0,0.0,1.0,0.0,2.0,2.0,2.0,0.0,2.0,2.0,1.0,2.0,2.0,1.0,2.0,0.0,2.0,1.0,1.0,0.0,2.0,0.0,0.0,1.0,1.0,0.0,1.0,0.0,1.0,0.0,2.0,1.0,1.0,2.0,2.0,2.0,1.0,2.0,1.0,1.0,0.0,0.0,0.0,2.0,2.0,2.0,2.0,2.0,1.0,1.0
2621,2.0,0.0,2.0,0.0,0.0,0.0,2.0,2.0,2.0,1.0,1.0,0.0,0.0,2.0,2.0,2.0,2.0,1.0,2.0,0.0,2.0,0.0,0.0,0.0,2.0,1.0,1.0,1.0,0.0,1.0,0.0,2.0,2.0,1.0,1.0,2.0,2.0,1.0,1.0,2.0,2.0,1.0,2.0,2.0,0.0,0.0,2.0,2.0,1.0,0.0,0.0,0.0,2.0,0.0,1.0,1.0,1.0,0.0,2.0,2.0,1.0,1.0,1.0,2.0,2.0,0.0,0.0,1.0,1.0,2.0,2.0,2.0,0.0,1.0,1.0,0.0,0.0,0.0,0.0,0.0,2.0,1.0,1.0,0.0,2.0,1.0,1.0,2.0,0.0,2.0,2.0,1.0,0.0,2.0,2.0,2.0,2.0,1.0,1.0,1.0
2668,1.0,0.0,1.0,1.0,0.0,1.0,2.0,0.0,2.0,1.0,1.0,1.0,1.0,2.0,1.0,2.0,2.0,1.0,0.0,2.0,2.0,0.0,1.0,2.0,2.0,1.0,0.0,0.0,1.0,0.0,0.0,2.0,1.0,0.0,1.0,1.0,1.0,1.0,0.0,2.0,1.0,2.0,2.0,0.0,1.0,0.0,1.0,0.0,2.0,1.0,0.0,0.0,2.0,0.0,1.0,1.0,2.0,0.0,2.0,2.0,0.0,1.0,0.0,0.0,2.0,0.0,1.0,1.0,0.0,0.0,2.0,2.0,0.0,1.0,1.0,0.0,0.0,0.0,0.0,0.0,1.0,1.0,1.0,1.0,2.0,1.0,1.0,2.0,2.0,2.0,0.0,0.0,0.0,2.0,1.0,2.0,1.0,2.0,1.0,2.0
2679,0.0,0.0,2.0,1.0,0.0,0.0,2.0,1.0,2.0,1.0,2.0,0.0,1.0,2.0,1.0,2.0,1.0,0.0,0.0,2.0,0.0,0.0,0.0,1.0,2.0,1.0,1.0,1.0,1.0,0.0,0.0,2.0,1.0,0.0,0.0,1.0,1.0,2.0,2.0,2.0,2.0,1.0,1.0,2.0,1.0,1.0,2.0,1.0,1.0,0.0,0.0,0.0,2.0,1.0,2.0,1.0,1.0,0.0,2.0,1.0,2.0,2.0,2.0,1.0,1.0,0.0,1.0,1.0,0.0,0.0,2.0,1.0,0.0,0.0,1.0,0.0,2.0,0.0,0.0,0.0,2.0,1.0,1.0,1.0,1.0,1.0,0.0,2.0,0.0,1.0,0.0,1.0,0.0,1.0,2.0,2.0,1.0,2.0,2.0,0.0
2839,1.0,0.0,2.0,1.0,1.0,0.0,1.0,2.0,1.0,0.0,0.0,0.0,0.0,1.0,2.0,2.0,2.0,0.0,1.0,0.0,2.0,0.0,1.0,0.0,2.0,1.0,2.0,1.0,2.0,1.0,0.0,1.0,1.0,0.0,0.0,1.0,1.0,1.0,1.0,0.0,2.0,0.0,2.0,2.0,0.0,0.0,1.0,1.0,2.0,0.0,0.0,0.0,2.0,0.0,2.0,2.0,2.0,0.0,2.0,1.0,0.0,1.0,0.0,2.0,2.0,0.0,0.0,1.0,0.0,2.0,2.0,2.0,0.0,1.0,0.0,0.0,0.0,0.0,0.0,0.0,2.0,0.0,0.0,2.0,2.0,1.0,2.0,2.0,0.0,2.0,1.0,2.0,0.0,1.0,0.0,2.0,0.0,1.0,1.0,1.0
2911,2.0,0.0,1.0,2.0,1.0,1.0,0.0,2.0,2.0,0.0,0.0,1.0,1.0,2.0,2.0,2.0,2.0,2.0,1.0,1.0,0.0,0.0,1.0,0.0,2.0,0.0,2.0,1.0,2.0,2.0,0.0,1.0,1.0,0.0,0.0,0.0,2.0,1.0,1.0,2.0,2.0,1.0,2.0,0.0,0.0,0.0,2.0,1.0,2.0,1.0,0.0,0.0,2.0,0.0,2.0,1.0,2.0,0.0,2.0,1.0,1.0,2.0,0.0,2.0,2.0,0.0,1.0,1.0,2.0,2.0,2.0,2.0,0.0,0.0,1.0,0.0,1.0,0.0,1.0,0.0,1.0,1.0,1.0,1.0,2.0,0.0,2.0,2.0,1.0,2.0,2.0,2.0,0.0,2.0,0.0,2.0,0.0,2.0,0.0,0.0
2983,1.0,1.0,1.0,0.0,0.0,0.0,1.0,1.0,0.0,0.0,0.0,1.0,1.0,1.0,1.0,2.0,2.0,1.0,1.0,1.0,1.0,0.0,1.0,0.0,2.0,1.0,2.0,1.0,1.0,1.0,0.0,2.0,1.0,0.0,1.0,1.0,2.0,1.0,2.0,2.0,2.0,1.0,2.0,2.0,0.0,2.0,1.0,0.0,1.0,0.0,0.0,0.0,2.0,0.0,2.0,0.0,1.0,0.0,2.0,1.0,1.0,2.0,0.0,2.0,2.0,0.0,1.0,0.0,1.0,1.0,2.0,1.0,0.0,1.0,0.0,0.0,0.0,0.0,0.0,0.0,0.0,1.0,1.0,1.0,2.0,0.0,2.0,1.0,1.0,2.0,1.0,2.0,0.0,1.0,1.0,2.0,2.0,2.0,0.0,0.0
3154,2.0,0.0,1.0,1.0,1.0,0.0,1.0,1.0,0.0,1.0,1.0,0.0,1.0,2.0,2.0,2.0,2.0,0.0,1.0,1.0,2.0,0.0,0.0,0.0,2.0,2.0,2.0,2.0,1.0,1.0,0.0,2.0,1.0,0.0,1.0,0.0,1.0,0.0,2.0,1.0,2.0,1.0,2.0,0.0,0.0,2.0,1.0,2.0,1.0,1.0,0.0,0.0,2.0,0.0,2.0,1.0,1.0,0.0,2.0,2.0,0.0,1.0,0.0,0.0,2.0,0.0,2.0,2.0,1.0,0.0,2.0,2.0,1.0,2.0,0.0,0.0,1.0,0.0,0.0,0.0,1.0,0.0,0.0,2.0,2.0,0.0,1.0,2.0,0.0,2.0,1.0,2.0,0.0,1.0,2.0,2.0,0.0,2.0,0.0,0.0
3264,2.0,0.0,0.0,2.0,0.0,0.0,1.0,2.0,1.0,1.0,0.0,0.0,1.0,2.0,2.0,2.0,2.0,1.0,1.0,1.0,2.0,0.0,0.0,1.0,2.0,1.0,2.0,1.0,2.0,0.0,0.0,1.0,1.0,0.0,2.0,0.0,1.0,2.0,1.0,1.0,2.0,1.0,2.0,0.0,0.0,1.0,1.0,1.0,1.0,1.0,0.0,0.0,2.0,0.0,2.0,1.0,1.0,0.0,2.0,1.0,1.0,2.0,0.0,2.0,2.0,1.0,0.0,2.0,1.0,0.0,2.0,2.0,0.0,0.0,0.0,0.0,1.0,0.0,0.0,0.0,1.0,0.0,0.0,1.0,2.0,0.0,2.0,2.0,2.0,2.0,1.0,0.0,0.0,1.0,1.0,2.0,1.0,2.0,1.0,2.0
3294,1.0,0.0,2.0,1.0,1.0,0.0,2.0,2.0,1.0,2.0,2.0,0.0,1.0,2.0,2.0,2.0,1.0,1.0,0.0,2.0,1.0,0.0,0.0,1.0,2.0,2.0,2.0,0.0,2.0,1.0,0.0,2.0,1.0,1.0,1.0,1.0,0.0,0.0,1.0,2.0,2.0,1.0,2.0,1.0,2.0,1.0,2.0,1.0,1.0,1.0,0.0,0.0,1.0,0.0,2.0,1.0,2.0,0.0,2.0,1.0,1.0,2.0,2.0,0.0,2.0,0.0,1.0,2.0,1.0,1.0,2.0,1.0,0.0,2.0,2.0,0.0,1.0,0.0,1.0,0.0,2.0,2.0,1.0,1.0,2.0,2.0,0.0,2.0,2.0,1.0,1.0,0.0,0.0,2.0,1.0,2.0,2.0,2.0,0.0,1.0
3345,2.0,0.0,1.0,0.0,0.0,0.0,1.0,2.0,1.0,0.0,1.0,0.0,1.0,2.0,2.0,2.0,2.0,1.0,2.0,0.0,1.0,0.0,2.0,1.0,2.0,2.0,2.0,1.0,2.0,1.0,0.0,2.0,1.0,0.0,0.0,2.0,2.0,2.0,2.0,1.0,2.0,1.0,2.0,0.0,0.0,1.0,2.0,1.0,1.0,0.0,0.0,0.0,2.0,0.0,2.0,2.0,2.0,0.0,2.0,2.0,0.0,2.0,0.0,2.0,2.0,0.0,1.0,1.0,2.0,1.0,1.0,2.0,0.0,0.0,1.0,0.0,0.0,0.0,0.0,0.0,0.0,0.0,0.0,1.0,2.0,1.0,1.0,1.0,2.0,2.0,2.0,2.0,0.0,2.0,1.0,2.0,2.0,2.0,1.0,0.0
3847,2.0,1.0,1.0,2.0,1.0,0.0,1.0,2.0,1.0,0.0,0.0,0.0,0.0,1.0,1.0,2.0,1.0,0.0,2.0,0.0,2.0,0.0,0.0,0.0,2.0,1.0,1.0,1.0,2.0,1.0,0.0,1.0,2.0,0.0,1.0,1.0,0.0,2.0,1.0,2.0,2.0,2.0,2.0,1.0,0.0,2.0,1.0,1.0,1.72,1.0,0.0,0.0,2.0,0.0,2.0,1.0,2.0,0.0,2.0,2.0,0.0,2.0,1.0,0.0,2.0,1.0,1.0,1.0,1.0,0.0,2.0,2.0,0.0,0.0,2.0,0.0,1.0,0.0,0.0,0.0,1.0,0.0,0.0,2.0,2.0,1.0,2.0,1.0,0.0,2.0,2.0,1.0,0.0,2.0,0.0,2.0,1.0,2.0,1.0,1.0
4342,2.0,0.0,2.0,1.0,0.0,1.0,2.0,2.0,1.0,1.0,1.0,0.0,2.0,2.0,2.0,2.0,2.0,2.0,1.0,0.0,1.0,0.0,1.0,0.0,2.0,1.0,2.0,1.0,2.0,1.0,0.0,2.0,0.0,0.0,2.0,0.0,2.0,2.0,2.0,1.0,2.0,0.0,2.0,1.0,0.0,0.0,1.0,1.0,2.0,1.0,0.0,0.0,2.0,0.0,2.0,0.0,1.0,0.0,2.0,2.0,0.0,2.0,1.0,2.0,2.0,0.0,1.0,0.0,1.0,2.0,0.0,1.0,0.0,0.0,0.0,1.0,1.0,0.0,0.0,0.0,1.0,0.0,0.0,1.0,2.0,0.0,2.0,1.0,0.0,2.0,1.0,1.0,0.0,2.0,1.0,1.0,0.0,2.0,1.0,1.0
4427,2.0,1.0,1.0,1.0,1.0,0.0,1.0,2.0,1.0,0.0,0.0,0.0,1.0,1.0,1.0,2.0,2.0,0.0,2.0,2.0,1.0,0.0,2.0,0.0,2.0,0.0,1.0,1.0,0.0,0.0,0.0,1.0,2.0,2.0,0.0,2.0,2.0,2.0,1.0,2.0,2.0,0.0,2.0,2.0,0.0,1.0,2.0,1.0,2.0,1.0,0.0,0.0,2.0,0.0,2.0,1.0,1.0,0.0,2.0,2.0,1.0,2.0,1.0,1.0,2.0,0.0,1.0,2.0,1.0,0.0,2.0,2.0,0.0,0.0,0.0,0.0,1.0,0.0,0.0,0.0,2.0,2.0,1.0,0.0,2.0,0.0,2.0,1.0,1.0,1.0,0.0,1.0,0.0,1.0,1.0,0.0,1.0,2.0,1.0,1.0
4570,1.0,1.0,2.0,0.0,0.0,0.0,0.0,1.0,2.0,0.0,0.0,0.0,1.0,2.0,2.0,1.0,2.0,1.0,2.0,0.0,1.07,0.0,1.0,0.0,2.0,1.0,1.0,1.0,2.0,2.0,0.0,2.0,0.0,1.0,0.0,2.0,2.0,1.0,2.0,0.0,2.0,2.0,1.0,2.0,0.0,1.0,2.0,2.0,0.0,1.0,0.0,0.0,2.0,0.0,2.0,0.0,2.0,0.0,2.0,1.0,2.0,2.0,1.0,1.0,2.0,0.0,2.0,1.0,1.0,1.0,2.0,1.0,0.0,1.0,0.0,1.0,1.0,0.0,0.0,0.0,2.0,0.0,0.0,0.0,2.0,0.0,2.0,2.0,0.0,2.0,0.0,2.0,0.0,1.0,1.0,2.0,0.0,2.0,1.0,0.0
4882,2.0,0.0,2.0,1.0,0.0,0.0,1.0,2.0,2.0,1.0,0.0,0.0,1.0,2.0,1.0,2.0,2.0,1.0,2.0,1.0,2.0,0.0,2.0,1.0,2.0,0.0,2.0,2.0,2.0,1.0,0.0,2.0,0.0,0.0,1.0,2.0,1.0,2.0,1.0,1.0,2.0,1.0,2.0,1.0,0.0,0.0,1.0,2.0,1.0,0.0,0.0,0.0,2.0,1.0,1.0,1.0,1.0,0.0,2.0,2.0,0.0,2.0,0.0,0.0,2.0,1.0,0.0,1.0,2.0,2.0,2.0,2.0,0.0,0.0,0.0,0.0,0.0,0.0,0.0,0.0,1.0,2.0,1.0,0.0,2.0,0.0,2.0,2.0,1.0,2.0,1.0,2.0,1.0,2.0,1.0,1.0,0.0,2.0,1.0,0.0
4999,0.0,0.0,1.0,0.0,0.0,1.0,2.0,2.0,2.0,0.0,1.0,1.0,2.0,2.0,2.0,1.0,1.0,0.0,1.0,2.0,1.0,0.0,1.0,1.0,2.0,0.0,2.0,0.0,0.0,0.0,0.0,2.0,1.0,1.0,0.0,1.0,2.0,2.0,0.0,2.0,2.0,1.0,1.0,0.0,2.0,1.0,2.0,2.0,1.0,1.0,0.0,0.0,2.0,0.0,1.0,1.0,2.0,0.0,2.0,1.0,0.0,2.0,1.0,2.0,1.0,0.0,1.0,2.0,0.0,1.0,2.0,1.0,0.0,0.0,0.0,1.0,0.0,0.0,1.0,0.0,2.0,0.0,0.0,2.0,2.0,2.0,1.0,2.0,0.0,1.0,0.0,2.0,0.0,2.0,2.0,2.0,2.0,2.0,0.0,1.0
5260,2.0,0.0,0.0,2.0,1.0,0.0,1.0,2.0,0.0,0.0,1.0,0.0,0.0,2.0,2.0,2.0,2.0,2.0,2.0,1.0,2.0,0.0,1.0,0.0,2.0,1.0,2.0,0.0,0.0,1.0,0.0,1.0,1.0,0.0,1.0,1.0,0.0,1.0,0.0,1.0,2.0,1.0,2.0,0.0,0.0,1.0,2.0,1.0,1.0,1.0,0.0,0.0,2.0,0.0,2.0,1.0,1.0,0.0,2.0,2.0,1.0,2.0,1.0,2.0,2.0,0.0,1.0,1.0,1.0,0.0,2.0,2.0,1.0,1.0,1.0,1.0,1.0,0.0,1.0,0.0,0.0,1.0,1.0,1.0,2.0,1.0,1.0,0.0,0.0,2.0,2.0,1.0,0.0,2.0,1.0,2.0,1.0,2.0,1.0,1.0
5311,2.0,1.0,1.0,1.0,0.0,0.0,0.0,2.0,0.0,1.0,2.0,0.0,2.0,1.0,2.0,2.0,2.0,0.0,1.0,1.0,2.0,1.0,0.0,0.0,2.0,1.0,2.0,1.0,2.0,1.0,0.0,0.0,2.0,0.0,0.0,1.0,1.0,2.0,1.0,2.0,2.0,0.0,1.0,1.0,0.0,1.0,2.0,2.0,1.0,1.0,0.0,0.0,2.0,0.0,2.0,1.0,1.0,0.0,2.0,2.0,0.0,2.0,0.0,1.0,2.0,0.0,0.0,1.0,1.0,1.0,2.0,2.0,0.0,0.0,1.0,1.0,1.0,0.0,1.0,0.0,1.0,1.0,1.0,1.0,2.0,0.0,2.0,2.0,1.0,2.0,2.0,2.0,0.0,2.0,1.0,2.0,1.0,2.0,0.0,0.0
5371,2.0,1.0,2.0,1.0,0.0,0.0,1.0,2.0,1.0,1.0,1.0,1.0,1.0,2.0,2.0,2.0,1.0,1.0,2.0,0.0,1.0,0.0,1.0,1.0,2.0,1.0,1.0,0.0,1.0,2.0,0.0,2.0,0.0,1.0,1.0,2.0,1.0,2.0,1.0,1.0,2.0,0.0,2.0,1.0,0.0,1.0,2.0,2.0,0.0,1.0,0.0,0.0,0.0,0.0,2.0,1.0,2.0,0.0,2.0,1.0,1.0,2.0,1.0,1.0,2.0,0.0,1.0,0.0,1.0,1.0,2.0,2.0,0.0,0.0,1.0,0.0,1.0,0.0,1.0,0.0,2.0,0.0,0.0,1.0,2.0,1.0,2.0,2.0,1.0,1.0,1.0,1.0,1.0,2.0,2.0,1.0,1.0,2.0,0.0,0.0
5421,1.0,0.0,1.0,0.0,1.0,0.0,0.0,1.0,1.0,0.0,2.0,0.0,2.0,2.0,2.0,1.0,2.0,1.0,1.0,1.0,1.0,0.0,1.0,0.0,2.0,0.0,2.0,1.0,2.0,1.0,0.0,1.0,2.0,0.0,0.0,2.0,2.0,1.0,1.0,2.0,2.0,2.0,2.0,2.0,0.0,1.0,2.0,2.0,1.0,0.0,0.0,0.0,2.0,0.0,2.0,0.0,2.0,0.0,2.0,1.0,1.0,2.0,1.0,2.0,2.0,0.0,1.0,0.0,2.0,0.0,2.0,2.0,0.0,1.0,0.0,0.0,1.0,0.0,1.0,0.0,2.0,1.0,0.0,2.0,2.0,0.0,2.0,2.0,2.0,1.0,2.0,2.0,0.0,2.0,1.0,1.0,1.0,2.0,1.0,1.0
5455,1.0,0.0,2.0,1.0,0.0,1.0,1.0,2.0,2.0,0.0,0.0,0.0,1.0,2.0,1.0,2.0,1.0,1.0,1.0,1.0,2.0,0.0,2.0,1.0,2.0,1.0,2.0,0.0,1.0,1.0,0.0,1.0,2.0,0.0,1.0,1.0,2.0,2.0,2.0,2.0,2.0,2.0,1.0,1.0,0.0,0.0,2.0,2.0,2.0,0.0,1.0,0.0,2.0,0.0,1.0,0.0,2.0,0.0,2.0,1.0,0.0,2.0,1.0,1.0,2.0,0.0,0.0,1.0,1.0,0.0,2.0,2.0,0.0,0.0,0.0,0.0,1.0,0.0,0.0,0.0,2.0,0.0,1.0,1.0,2.0,0.0,1.0,1.0,1.0,1.0,1.0,2.0,0.0,2.0,1.0,2.0,0.0,2.0,2.0,1.0
5512,2.0,0.0,1.0,1.0,1.0,0.0,2.0,2.0,2.0,0.0,2.0,0.0,1.0,2.0,2.0,2.0,2.0,1.0,1.0,1.0,2.0,0.0,2.0,0.0,2.0,0.0,2.0,2.0,1.0,1.0,0.0,2.0,1.0,0.0,1.0,1.0,1.0,2.0,1.0,1.0,2.0,0.0,2.0,1.0,0.0,2.0,2.0,2.0,1.0,0.0,0.0,0.0,2.0,0.0,1.0,0.0,1.0,0.0,2.0,1.0,0.0,2.0,0.0,1.0,2.0,0.0,0.0,1.0,1.0,0.0,2.0,2.0,0.0,0.0,0.0,1.0,1.0,0.0,1.0,0.0,1.0,0.0,1.0,2.0,2.0,0.0,1.0,0.0,1.0,1.0,2.0,2.0,0.0,2.0,1.0,2.0,1.0,2.0,2.0,1.0
5995,1.0,0.0,2.0,1.0,0.0,0.0,2.0,1.0,1.0,0.0,0.0,1.0,0.0,2.0,0.0,2.0,2.0,2.0,0.0,1.0,2.0,1.0,2.0,0.0,2.0,2.0,2.0,1.0,1.0,2.0,0.0,1.0,1.0,0.0,0.0,1.0,2.0,1.0,2.0,1.0,2.0,1.0,1.0,2.0,0.0,1.0,2.0,2.0,1.0,0.0,1.0,0.0,2.0,0.0,2.0,2.0,1.0,1.0,2.0,2.0,1.0,2.0,0.0,1.0,2.0,0.0,1.0,2.0,1.0,0.0,2.0,2.0,0.0,1.0,1.0,0.0,1.0,0.0,0.0,0.0,2.0,0.0,0.0,2.0,2.0,1.0,1.0,1.0,2.0,2.0,1.0,2.0,1.0,2.0,2.0,1.0,1.0,2.0,0.0,0.0
5999,2.0,0.0,0.0,0.0,1.0,0.0,0.0,2.0,1.0,0.0,0.0,0.0,1.0,2.0,1.0,2.0,2.0,1.0,1.0,1.0,1.0,0.0,1.0,0.0,2.0,1.0,1.0,0.0,1.0,1.0,1.0,0.0,2.0,0.0,2.0,1.0,1.0,1.0,2.0,2.0,2.0,2.0,1.0,1.0,0.0,2.0,2.0,2.0,1.0,1.0,0.0,0.0,2.0,0.0,2.0,2.0,2.0,0.0,2.0,2.0,0.0,2.0,1.0,2.0,2.0,0.0,1.0,1.0,2.0,1.0,2.0,1.0,0.0,1.0,0.0,0.0,1.0,0.0,0.0,0.0,2.0,0.0,0.0,1.0,2.0,0.0,0.0,2.0,1.0,2.0,1.0,2.0,0.0,2.0,0.0,1.0,0.0,2.0,0.0,0.0
6206,1.0,1.0,1.0,1.0,0.0,0.0,1.0,2.0,1.0,0.0,1.0,0.0,1.0,1.0,1.0,0.0,2.0,2.0,1.0,0.0,1.0,0.0,1.0,1.0,2.0,1.0,2.0,1.0,1.0,1.0,0.0,1.0,2.0,0.0,2.0,1.0,1.0,1.0,2.0,1.0,2.0,2.0,1.0,0.0,0.0,1.0,2.0,2.0,2.0,0.0,2.0,0.0,1.0,0.0,1.0,1.0,0.0,0.0,2.0,1.0,1.0,2.0,1.0,1.0,2.0,0.0,0.0,0.0,1.0,1.0,1.0,2.0,0.0,0.0,0.0,0.0,2.0,0.0,1.0,0.0,2.0,1.0,0.0,1.0,2.0,0.0,2.0,1.0,2.0,1.0,1.0,1.0,0.0,2.0,2.0,1.0,1.0,2.0,0.0,1.0
6307,2.0,1.0,2.0,0.0,1.0,1.0,2.0,2.0,2.0,1.0,2.0,1.0,0.0,2.0,2.0,2.0,2.0,1.0,1.0,1.0,2.0,0.0,1.0,1.0,2.0,0.0,2.0,0.0,2.0,2.0,0.0,1.0,0.0,0.0,1.0,1.0,2.0,2.0,1.0,2.0,2.0,2.0,1.0,1.0,0.0,1.0,1.0,2.0,1.0,0.0,1.0,0.0,2.0,0.0,1.0,0.0,0.0,0.0,2.0,1.0,1.0,2.0,2.0,2.0,2.0,0.0,0.0,2.0,2.0,1.0,2.0,1.0,0.0,0.0,0.0,0.0,0.0,0.0,1.0,0.0,2.0,1.0,1.0,1.0,2.0,0.0,1.0,1.0,1.0,1.0,2.0,2.0,1.0,2.0,2.0,1.0,0.0,2.0,0.0,1.0
6358,2.0,0.0,1.0,1.0,0.0,0.0,0.0,1.0,1.0,0.0,1.0,1.0,0.0,2.0,0.0,2.0,2.0,1.0,1.0,1.0,1.0,0.0,1.0,0.0,2.0,1.0,2.0,1.0,0.0,2.0,1.0,2.0,1.0,0.0,1.0,0.0,0.0,1.0,1.0,2.0,2.0,1.0,2.0,1.0,0.0,1.0,2.0,2.0,1.0,0.0,0.0,0.0,2.0,0.0,2.0,0.0,1.0,0.0,2.0,2.0,2.0,2.0,0.0,2.0,2.0,0.0,0.0,1.0,0.0,0.0,2.0,2.0,0.0,1.0,0.0,2.0,1.0,0.0,1.0,0.0,1.0,0.0,0.0,1.0,2.0,0.0,2.0,1.0,1.0,2.0,2.0,2.0,0.0,1.0,1.0,1.0,1.0,2.0,1.0,0.0
6359,2.0,0.0,1.0,1.0,0.0,0.0,0.0,2.0,2.0,0.0,1.0,1.0,0.0,2.0,1.0,2.0,2.0,0.0,1.0,1.0,2.0,0.0,0.0,0.0,2.0,1.0,2.0,2.0,1.0,0.0,0.0,0.0,1.0,0.0,1.0,0.0,2.0,0.0,1.0,2.0,2.0,2.0,2.0,1.0,0.0,1.0,2.0,2.0,1.0,1.0,0.0,0.0,2.0,0.0,2.0,0.0,2.0,0.0,2.0,2.0,2.0,2.0,1.0,2.0,2.0,0.0,1.0,1.0,0.0,0.0,2.0,2.0,0.0,1.0,0.0,1.0,0.0,0.0,1.0,0.0,1.0,1.0,1.0,1.0,2.0,0.0,1.0,0.0,1.0,2.0,2.0,2.0,0.0,1.0,2.0,1.0,0.0,2.0,1.0,1.0
6360,2.0,1.0,2.0,0.0,0.0,0.0,0.0,1.0,1.0,1.0,2.0,2.0,1.0,1.0,2.0,2.0,2.0,1.0,1.0,0.0,2.0,0.0,1.0,0.0,2.0,1.0,2.0,0.0,2.0,2.0,0.0,0.0,2.0,1.0,1.0,2.0,2.0,0.0,2.0,2.0,2.0,2.0,2.0,0.0,0.0,0.0,2.0,2.0,2.0,0.0,0.0,0.0,2.0,0.0,2.0,0.0,2.0,0.0,2.0,2.0,2.0,1.0,0.0,2.0,2.0,0.0,0.0,1.0,1.0,0.0,2.0,2.0,0.0,2.0,0.0,1.0,1.0,0.0,0.0,0.0,1.0,1.0,1.0,2.0,2.0,1.0,1.0,0.0,0.0,2.0,2.0,1.0,0.0,2.0,2.0,2.0,0.0,2.0,2.0,0.0
6361,2.0,0.0,1.0,0.0,2.0,0.0,2.0,1.0,1.0,1.0,2.0,0.0,2.0,2.0,1.0,2.0,2.0,1.0,0.0,0.0,1.0,0.0,2.0,0.0,2.0,1.0,2.0,0.0,1.0,1.0,1.0,1.0,0.0,0.0,2.0,1.0,1.0,1.0,1.0,2.0,2.0,0.0,2.0,1.0,0.0,2.0,1.0,1.0,1.0,0.0,1.0,0.0,2.0,0.0,2.0,0.0,1.0,0.0,2.0,1.0,1.0,2.0,1.0,1.0,2.0,0.0,0.0,0.0,0.0,0.0,2.0,2.0,0.0,1.0,1.0,0.0,2.0,0.0,0.0,0.0,1.0,0.0,1.0,1.0,2.0,1.0,1.0,2.0,0.0,1.0,2.0,2.0,2.0,1.0,1.0,2.0,2.0,2.0,1.0,1.0
6362,1.0,0.0,1.0,2.0,0.0,0.0,0.0,2.0,1.0,1.0,1.0,1.0,0.0,2.0,1.0,2.0,2.0,1.0,1.0,1.0,2.0,0.0,0.0,0.0,2.0,1.0,2.0,2.0,1.0,1.0,0.0,2.0,0.0,0.0,1.0,2.0,1.0,1.0,0.0,1.0,2.0,1.0,2.0,1.0,0.0,0.0,2.0,1.0,1.0,0.0,1.0,0.0,2.0,0.0,2.0,0.0,1.0,0.0,2.0,2.0,1.0,2.0,0.0,1.0,2.0,0.0,1.0,2.0,2.0,0.0,2.0,1.0,0.0,1.0,0.0,2.0,2.0,0.0,2.0,0.0,1.0,1.0,2.0,2.0,2.0,1.0,2.0,2.0,1.0,1.0,2.0,2.0,0.0,2.0,2.0,2.0,1.0,2.0,2.0,0.0
6363,2.0,0.0,0.0,2.0,1.0,0.0,1.0,2.0,2.0,1.0,1.0,2.0,1.0,2.0,1.0,1.0,2.0,0.0,1.0,0.0,2.0,0.0,0.0,0.0,2.0,0.0,2.0,1.0,1.0,2.0,0.0,0.0,1.0,0.0,1.0,1.0,1.0,1.0,1.0,2.0,2.0,1.0,2.0,2.0,0.0,1.0,2.0,2.0,1.0,0.0,0.0,0.0,1.0,0.0,2.0,0.0,1.0,0.0,2.0,2.0,2.0,2.0,0.0,1.0,2.0,0.0,1.0,0.0,1.0,0.0,2.0,1.0,0.0,1.0,1.0,2.0,0.0,0.0,2.0,0.0,1.0,1.0,1.0,2.0,2.0,0.0,2.0,2.0,0.0,1.0,1.0,1.0,0.0,2.0,2.0,2.0,2.0,2.0,2.0,0.0
6364,2.0,1.0,0.0,0.0,1.0,1.0,1.0,1.0,1.0,0.0,1.0,1.0,0.0,2.0,2.0,2.0,2.0,1.0,0.0,0.0,2.0,0.0,2.0,1.0,2.0,1.0,2.0,0.0,1.0,0.0,1.0,1.0,1.0,0.0,2.0,1.0,2.0,2.0,1.0,1.0,2.0,1.0,1.0,1.0,0.0,1.0,2.0,2.0,1.0,0.0,0.0,0.0,2.0,0.0,1.0,0.0,1.0,0.0,2.0,2.0,1.0,2.0,0.0,2.0,2.0,0.0,1.0,0.0,1.0,1.0,2.0,2.0,0.0,0.0,1.0,1.0,1.0,0.0,0.0,0.0,2.0,1.0,1.0,0.0,2.0,1.0,2.0,1.0,1.0,2.0,1.0,2.0,0.0,2.0,2.0,2.0,0.0,2.0,0.0,0.0
6365,2.0,1.0,1.0,1.0,0.0,1.0,1.0,2.0,1.0,0.0,2.0,0.0,0.0,2.0,2.0,2.0,2.0,0.0,0.0,0.0,2.0,0.0,2.0,1.0,1.0,1.0,2.0,1.0,1.0,0.0,1.0,1.0,1.0,0.0,2.0,1.0,1.0,1.0,1.0,1.0,2.0,1.0,1.0,1.0,0.0,0.0,2.0,2.0,1.0,0.0,0.0,0.0,2.0,0.0,1.0,0.0,1.0,0.0,2.0,2.0,0.0,2.0,0.0,2.0,2.0,1.0,1.0,1.0,1.0,1.0,2.0,2.0,0.0,1.0,0.0,1.0,1.0,1.0,0.0,0.0,2.0,1.0,1.0,0.0,2.0,0.0,1.0,2.0,2.0,2.0,0.0,2.0,0.0,1.0,2.0,2.0,0.0,2.0,0.0,0.0
6366,2.0,0.0,1.0,1.0,1.0,0.0,2.0,1.0,1.0,0.0,1.0,0.0,1.0,1.0,2.0,2.0,2.0,2.0,0.0,0.0,2.0,0.0,2.0,1.0,1.0,1.0,2.0,1.0,1.0,2.0,0.0,2.0,1.0,0.0,2.0,1.0,1.0,1.0,1.0,1.0,2.0,1.0,0.0,1.0,0.0,0.0,2.0,2.0,1.0,0.0,0.0,0.0,2.0,0.0,1.0,1.0,2.0,0.0,2.0,2.0,1.0,2.0,0.0,2.0,2.0,0.0,1.0,1.0,1.0,0.0,2.0,2.0,0.0,1.0,2.0,1.0,1.0,1.0,1.0,0.0,2.0,1.0,1.0,0.0,2.0,1.0,2.0,2.0,1.0,2.0,0.0,1.0,0.0,2.0,2.0,1.0,0.0,2.0,0.0,0.0
6367,1.0,1.0,1.0,1.0,1.0,0.0,1.0,1.0,2.0,1.0,0.0,0.0,1.0,2.0,2.0,2.0,2.0,2.0,1.0,0.0,2.0,0.0,2.0,1.0,2.0,2.0,2.0,1.0,1.0,2.0,0.0,1.0,2.0,0.0,2.0,1.0,1.0,1.0,1.0,2.0,2.0,1.0,2.0,2.0,0.0,0.0,2.0,2.0,1.0,0.0,0.0,0.0,1.44,0.0,2.0,0.0,1.0,0.0,2.0,0.0,0.0,2.0,0.0,2.0,2.0,0.0,1.0,1.0,1.0,1.0,2.0,2.0,0.0,1.0,0.0,0.0,1.0,0.0,0.0,0.0,2.0,1.0,2.0,1.0,2.0,0.0,2.0,0.0,1.0,2.0,2.0,0.0,0.0,2.0,1.0,1.0,0.0,2.0,1.0,0.0
6368,2.0,0.0,0.0,1.0,0.0,0.0,1.0,0.0,2.0,0.0,2.0,0.0,1.0,1.0,1.0,2.0,2.0,0.0,2.0,0.0,2.0,0.0,0.0,0.0,2.0,1.0,2.0,0.0,2.0,1.0,0.0,2.0,1.0,0.0,0.0,1.0,1.0,0.0,2.0,2.0,2.0,2.0,2.0,1.0,0.0,1.0,2.0,2.0,1.0,1.0,0.0,0.0,2.0,0.0,2.0,0.0,1.0,0.0,2.0,2.0,1.0,2.0,0.0,2.0,2.0,0.0,0.0,2.0,1.0,0.0,2.0,2.0,0.0,2.0,1.0,0.0,1.0,0.0,0.0,0.0,1.0,1.0,0.0,1.0,2.0,2.0,0.0,0.0,2.0,2.0,2.0,2.0,2.0,2.0,2.0,1.0,0.0,2.0,2.0,1.0
6369,2.0,0.0,1.0,0.0,1.0,0.0,1.0,2.0,2.0,0.0,0.0,0.0,1.0,2.0,2.0,2.0,2.0,1.0,2.0,0.0,0.0,1.0,0.0,0.0,2.0,2.0,1.0,0.0,0.0,2.0,1.0,0.0,1.0,0.0,1.0,1.0,1.0,0.0,1.0,1.0,2.0,1.0,1.0,1.0,0.0,1.0,2.0,2.0,2.0,2.0,1.0,0.0,2.0,0.0,2.0,1.0,2.0,0.0,2.0,2.0,2.0,1.0,0.0,2.0,2.0,0.0,0.0,2.0,2.0,1.0,2.0,2.0,0.0,1.0,1.0,2.0,2.0,0.0,1.0,0.0,2.0,1.0,0.0,2.0,2.0,1.0,1.0,0.0,1.0,2.0,0.0,2.0,1.0,2.0,1.0,1.0,0.0,2.0,1.0,0.0
6370,1.0,0.0,1.0,1.0,0.0,0.0,2.0,1.0,1.0,0.0,0.0,0.0,1.0,2.0,1.0,1.0,2.0,1.0,2.0,0.0,1.0,1.0,1.0,1.0,2.0,2.0,1.0,1.0,1.0,1.0,0.0,2.0,1.0,0.0,1.0,2.0,1.0,2.0,2.0,2.0,2.0,1.0,0.0,2.0,0.0,0.0,2.0,2.0,1.0,1.0,1.0,0.0,2.0,0.0,2.0,0.0,1.0,0.0,2.0,2.0,2.0,2.0,1.0,1.0,2.0,0.0,0.0,1.0,1.0,0.0,2.0,2.0,0.0,0.0,1.0,1.0,2.0,0.0,0.0,0.0,2.0,1.0,1.0,1.0,2.0,1.0,2.0,2.0,1.0,2.0,1.0,2.0,1.0,2.0,1.0,1.0,0.0,2.0,0.0,0.0
6371,1.0,0.0,2.0,0.0,1.0,0.0,1.0,2.0,1.0,0.0,0.0,1.0,2.0,1.0,1.0,2.0,2.0,1.0,2.0,2.0,2.0,0.0,0.0,0.0,2.0,0.0,2.0,0.0,2.0,0.0,2.0,0.0,1.0,0.0,0.0,2.0,0.0,1.0,2.0,1.0,2.0,1.0,1.0,2.0,0.0,1.0,2.0,2.0,1.0,0.0,1.0,0.0,2.0,0.0,2.0,0.0,0.0,0.0,2.0,2.0,1.0,2.0,1.0,2.0,2.0,1.0,1.0,1.0,1.0,0.0,1.0,2.0,0.0,0.0,0.0,1.0,1.0,0.0,0.0,0.0,2.0,0.0,2.0,1.0,2.0,0.0,0.0,2.0,0.0,2.0,2.0,2.0,0.0,2.0,2.0,2.0,0.0,2.0,0.0,0.0
6372,1.0,0.0,1.0,0.0,1.0,0.0,1.0,2.0,1.0,0.0,0.0,1.0,1.0,1.0,1.0,1.0,2.0,2.0,2.0,0.0,2.0,0.0,1.0,1.0,2.0,0.0,2.0,0.0,2.0,1.0,2.0,1.0,0.0,0.0,0.0,1.0,0.0,2.0,2.0,0.0,2.0,1.0,2.0,1.0,0.0,0.0,2.0,2.0,1.0,0.0,0.0,0.0,2.0,0.0,2.0,0.0,1.0,0.0,2.0,0.0,0.0,2.0,0.0,2.0,2.0,1.0,1.0,0.0,0.0,1.0,1.0,2.0,0.0,0.0,0.0,0.0,2.0,0.0,0.0,0.0,2.0,0.0,1.0,0.0,2.0,0.0,0.0,2.0,1.0,0.0,1.0,2.0,0.0,2.0,2.0,2.0,0.0,2.0,0.0,0.0
6373,2.0,0.0,0.0,1.0,0.0,0.0,1.0,2.0,1.0,0.0,0.0,0.0,2.0,1.0,0.0,2.0,2.0,2.0,2.0,0.0,2.0,0.0,0.0,0.0,1.0,0.0,2.0,0.0,2.0,2.0,1.0,1.0,1.0,1.0,1.0,2.0,1.0,2.0,2.0,1.0,2.0,0.0,2.0,2.0,0.0,0.0,2.0,1.0,2.0,0.0,0.0,0.0,2.0,0.0,2.0,0.0,0.0,0.0,2.0,1.0,1.0,2.0,1.0,2.0,2.0,1.0,1.0,0.0,1.0,0.0,1.0,1.0,0.0,0.0,0.0,0.0,2.0,1.0,1.0,0.0,1.0,1.0,1.0,1.0,2.0,0.0,1.0,2.0,1.0,1.0,2.0,2.0,0.0,2.0,2.0,1.0,0.0,2.0,1.0,0.0
6374,2.0,0.0,1.0,1.0,0.0,0.0,1.0,2.0,2.0,0.0,0.0,1.0,2.0,1.0,1.0,2.0,2.0,1.0,2.0,0.0,2.0,0.0,1.0,1.0,2.0,0.0,2.0,1.0,2.0,2.0,0.0,2.0,2.0,0.0,0.0,1.0,2.0,2.0,2.0,1.0,2.0,1.0,2.0,2.0,0.0,1.0,2.0,2.0,2.0,0.0,0.0,0.0,2.0,0.0,1.0,1.0,1.0,0.0,2.0,1.0,0.0,2.0,1.0,2.0,2.0,0.0,1.0,1.0,0.0,1.0,1.0,1.0,0.0,0.0,0.0,0.0,1.0,0.0,1.0,0.0,1.0,0.0,2.0,0.0,2.0,0.0,1.0,2.0,2.0,1.0,1.0,2.0,0.0,2.0,2.0,2.0,0.0,2.0,2.0,0.0
6375,2.0,0.0,0.0,0.0,1.0,0.0,2.0,2.0,1.0,0.0,2.0,1.0,1.0,2.0,1.0,1.0,2.0,1.0,2.0,1.0,1.0,0.0,2.0,1.0,2.0,0.0,1.0,0.0,1.0,2.0,1.0,2.0,2.0,1.0,1.0,1.0,2.0,2.0,1.0,2.0,2.0,0.0,0.0,2.0,0.0,0.0,2.0,2.0,1.0,1.0,0.0,0.0,2.0,0.0,2.0,0.0,0.0,0.0,2.0,1.0,1.0,2.0,0.0,2.0,2.0,0.0,0.0,0.0,2.0,0.0,2.0,2.0,0.0,0.0,0.0,1.0,1.0,0.0,1.0,0.0,2.0,1.0,2.0,2.0,2.0,0.0,2.0,1.0,2.0,1.0,2.0,2.0,0.0,2.0,2.0,2.0,2.0,2.0,0.0,1.0
6376,2.0,0.0,2.0,1.0,1.0,0.0,1.0,1.0,1.0,1.0,1.0,1.0,1.0,2.0,1.0,2.0,2.0,1.0,1.0,0.0,2.0,0.0,1.0,1.0,2.0,0.0,2.0,2.0,1.0,2.0,0.0,2.0,0.0,0.0,2.0,2.0,1.0,1.0,1.0,1.0,2.0,1.0,2.0,0.0,0.0,1.0,1.0,2.0,1.0,0.0,1.0,0.0,2.0,0.0,2.0,0.0,1.0,0.0,2.0,1.0,2.0,2.0,1.0,1.0,2.0,1.0,1.0,0.0,2.0,0.0,2.0,2.0,0.0,1.0,0.0,0.0,1.0,0.0,0.0,0.0,1.0,1.0,0.0,1.0,2.0,0.0,2.0,0.0,1.0,1.0,2.0,2.0,0.0,2.0,1.0,2.0,1.0,2.0,1.0,1.0
6377,2.0,1.0,1.0,1.0,1.0,0.0,2.0,2.0,1.0,0.0,1.0,0.0,1.0,2.0,2.0,0.0,2.0,2.0,1.0,0.0,2.0,0.0,2.0,2.0,2.0,0.0,2.0,0.0,1.0,2.0,0.0,2.0,2.0,0.0,2.0,2.0,1.0,1.0,2.0,2.0,2.0,0.0,1.0,1.0,0.0,0.0,2.0,2.0,2.0,0.0,1.0,0.0,2.0,0.0,2.0,0.0,1.0,0.0,2.0,1.0,2.0,2.0,0.0,2.0,2.0,0.0,0.0,1.0,0.0,1.0,2.0,2.0,0.0,1.0,0.0,1.0,2.0,0.0,0.0,0.0,2.0,0.0,0.0,2.0,2.0,0.0,2.0,1.0,2.0,0.0,2.0,2.0,0.0,2.0,2.0,1.0,1.0,2.0,1.0,0.0
6378,2.0,0.0,2.0,0.0,1.0,0.0,2.0,2.0,2.0,0.0,1.0,0.0,0.0,2.0,2.0,2.0,2.0,2.0,0.0,0.0,2.0,0.0,2.0,2.0,0.0,2.0,2.0,0.0,1.0,2.0,1.0,2.0,1.0,0.0,1.0,1.0,1.0,0.0,2.0,1.0,2.0,0.0,0.0,0.0,0.0,1.0,2.0,2.0,0.0,0.0,1.0,0.0,2.0,0.0,2.0,0.0,2.0,0.0,2.0,0.0,2.0,2.0,0.0,2.0,2.0,2.0,0.0,2.0,0.0,0.0,2.0,2.0,0.0,2.0,0.0,0.0,0.0,2.0,0.0,0.0,2.0,0.0,0.0,0.0,2.0,0.0,1.0,2.0,2.0,1.0,1.0,1.0,0.0,1.0,1.0,1.0,0.0,2.0,1.0,1.0
6379,2.0,1.0,2.0,0.0,1.0,0.0,2.0,2.0,2.0,0.0,1.0,1.0,0.0,2.0,2.0,1.0,2.0,2.0,2.0,0.0,2.0,0.0,2.0,2.0,0.0,0.0,2.0,0.0,1.0,2.0,1.0,2.0,1.0,0.0,2.0,1.0,1.0,0.0,2.0,1.0,2.0,0.0,0.0,0.0,0.0,1.0,2.0,2.0,1.0,0.0,1.0,0.0,2.0,0.0,2.0,0.0,1.0,0.0,2.0,1.0,2.0,2.0,0.0,2.0,2.0,2.0,0.0,2.0,0.0,1.0,2.0,2.0,0.0,2.0,0.0,0.0,0.0,2.0,1.0,0.0,2.0,0.0,0.0,0.0,2.0,0.0,1.0,1.0,1.0,0.0,2.0,2.0,0.0,2.0,2.0,1.0,0.0,2.0,1.0,0.0
6380,2.0,0.0,2.0,0.0,1.0,0.0,2.0,2.0,2.0,0.0,1.0,0.0,1.0,2.0,2.0,0.0,2.0,2.0,1.0,0.0,2.0,0.0,2.0,2.0,0.0,0.0,2.0,0.0,0.0,2.0,1.0,2.0,1.0,0.0,2.0,2.0,1.0,1.0,2.0,1.0,2.0,1.0,0.0,0.0,0.0,2.0,2.0,2.0,0.0,0.0,1.0,0.0,2.0,0.0,2.0,0.0,1.0,0.0,2.0,0.0,2.0,2.0,0.0,2.0,2.0,2.0,0.0,2.0,0.0,1.0,1.0,2.0,0.0,1.0,0.0,0.0,0.0,2.0,1.0,0.0,2.0,0.0,0.0,1.0,2.0,0.0,1.0,2.0,2.0,1.0,1.0,1.0,0.0,2.0,2.0,2.0,0.0,2.0,1.0,1.0
6381,2.0,0.0,1.0,0.0,1.0,0.0,0.0,2.0,1.0,0.0,2.0,0.0,1.0,2.0,2.0,1.0,2.0,0.0,1.0,0.0,2.0,0.0,2.0,0.0,1.0,0.0,2.0,0.0,0.0,1.0,0.0,1.0,2.0,0.0,2.0,2.0,1.0,2.0,2.0,2.0,2.0,1.0,1.0,1.0,0.0,1.0,2.0,2.0,0.0,0.0,0.0,0.0,2.0,0.0,2.0,0.0,1.0,0.0,2.0,2.0,1.0,2.0,1.0,2.0,2.0,0.0,0.0,2.0,1.0,1.0,2.0,2.0,0.0,0.0,1.0,1.0,1.0,1.0,1.0,0.0,2.0,0.0,0.0,1.0,2.0,0.0,1.0,0.0,1.0,2.0,1.0,2.0,0.0,2.0,1.0,2.0,0.0,2.0,0.0,0.0
6382,1.0,1.0,0.0,0.0,1.0,0.0,1.0,2.0,1.0,0.0,1.0,0.0,1.0,2.0,1.0,1.0,2.0,1.0,1.0,0.0,2.0,0.0,1.0,1.0,2.0,0.0,2.0,0.0,2.0,1.0,0.0,2.0,1.0,0.0,2.0,0.0,2.0,2.0,1.0,2.0,2.0,0.0,1.0,2.0,0.0,0.0,2.0,2.0,1.0,0.0,1.0,0.0,2.0,0.0,1.0,0.0,2.0,0.0,2.0,2.0,1.0,2.0,1.0,2.0,2.0,0.0,0.0,0.0,0.0,0.0,2.0,2.0,0.0,0.0,1.0,0.0,1.0,0.0,0.0,0.0,2.0,2.0,1.0,2.0,2.0,0.0,2.0,1.0,0.0,2.0,2.0,2.0,0.0,1.0,1.0,1.0,0.0,2.0,0.0,0.0
6383,2.0,1.0,1.0,0.0,2.0,0.0,2.0,1.0,2.0,0.0,0.0,0.0,0.0,2.0,2.0,2.0,2.0,2.0,1.0,1.0,2.0,0.0,1.0,0.0,2.0,1.0,2.0,0.0,2.0,1.0,0.0,1.0,2.0,0.0,2.0,1.0,2.0,1.0,0.0,2.0,2.0,0.0,1.0,1.0,0.0,1.0,2.0,2.0,0.0,0.0,0.0,0.0,2.0,0.0,1.0,0.0,1.0,0.0,2.0,1.0,1.0,2.0,0.0,1.0,2.0,1.0,0.0,0.0,2.0,1.0,2.0,2.0,0.0,1.0,1.0,0.0,0.0,1.0,0.0,0.0,2.0,0.0,1.0,1.0,2.0,0.0,2.0,1.0,1.0,1.0,1.0,0.0,0.0,1.0,1.0,1.0,0.0,2.0,0.0,0.0
6384,2.0,0.0,1.0,1.0,2.0,0.0,1.0,2.0,1.0,0.0,0.0,0.0,0.0,2.0,2.0,2.0,2.0,1.0,1.0,0.0,2.0,0.0,1.0,2.0,2.0,1.0,2.0,0.0,2.0,2.0,0.0,2.0,2.0,0.0,2.0,2.0,1.0,2.0,0.0,2.0,2.0,0.0,1.0,1.0,0.0,0.0,2.0,2.0,1.0,0.0,1.0,0.0,2.0,0.0,1.0,0.0,2.0,0.0,2.0,0.0,0.0,2.0,0.0,1.0,2.0,0.0,0.0,1.0,1.0,1.0,2.0,2.0,0.0,0.0,2.0,0.0,0.0,0.0,1.0,0.0,2.0,1.0,0.0,0.0,2.0,0.0,2.0,1.0,1.0,2.0,2.0,0.0,0.0,1.0,1.0,1.0,0.0,2.0,0.0,0.0
6385,2.0,0.0,0.0,1.0,1.0,0.0,1.0,2.0,1.0,2.0,1.0,0.0,0.0,2.0,2.0,1.0,2.0,0.0,1.0,0.0,2.0,0.0,2.0,1.0,2.0,0.0,2.0,0.0,1.0,1.0,0.0,1.0,2.0,0.0,2.0,0.0,1.0,0.0,1.0,2.0,2.0,1.0,2.0,2.0,0.0,1.0,2.0,2.0,1.0,0.0,0.0,0.0,2.0,0.0,2.0,0.0,0.0,0.0,2.0,1.0,0.0,2.0,0.0,2.0,2.0,0.0,0.0,1.0,2.0,2.0,2.0,2.0,0.0,2.0,1.0,1.0,1.0,0.0,0.0,0.0,1.0,1.0,1.0,2.0,2.0,1.0,2.0,1.0,0.0,2.0,1.0,1.0,0.0,1.0,2.0,2.0,0.0,2.0,0.0,1.0
6386,2.0,1.0,1.0,0.0,0.0,1.0,2.0,0.0,1.0,0.0,0.0,1.0,1.0,2.0,2.0,2.0,2.0,1.0,0.0,0.0,2.0,0.0,1.0,1.0,1.0,0.0,2.0,1.0,1.0,1.0,1.0,1.0,2.0,1.0,1.0,2.0,1.0,0.0,2.0,2.0,2.0,0.0,2.0,2.0,0.0,0.0,2.0,2.0,1.0,0.0,0.0,0.0,2.0,0.0,2.0,0.0,0.0,0.0,2.0,1.0,1.0,2.0,1.0,1.0,2.0,2.0,0.0,1.0,0.0,1.0,2.0,2.0,0.0,2.0,0.0,0.0,0.0,1.0,1.0,0.0,2.0,1.0,0.0,1.0,2.0,0.0,0.0,0.0,1.0,2.0,0.0,1.0,0.0,1.0,2.0,2.0,1.0,2.0,0.0,0.0
6387,2.0,2.0,1.0,0.0,1.0,1.0,2.0,2.0,2.0,1.0,1.0,1.0,1.0,2.0,1.0,2.0,2.0,2.0,0.0,1.0,2.0,0.0,1.0,0.0,2.0,0.0,2.0,0.0,1.0,2.0,0.0,1.0,1.0,0.0,1.0,1.0,2.0,0.0,2.0,1.0,2.0,2.0,2.0,2.0,0.0,2.0,1.0,1.0,1.0,1.0,0.0,0.0,2.0,0.0,2.0,0.0,1.0,0.0,2.0,1.0,1.0,2.0,0.0,2.0,2.0,0.0,0.0,2.0,2.0,0.0,2.0,2.0,0.0,2.0,0.0,1.0,0.0,0.0,0.0,0.0,2.0,1.0,1.0,0.0,2.0,0.0,2.0,0.0,1.0,1.0,2.0,2.0,1.0,2.0,2.0,1.0,0.0,2.0,0.0,1.0
6388,2.0,2.0,1.0,0.0,1.0,1.0,1.0,2.0,1.0,0.0,1.0,1.0,0.0,2.0,1.0,1.0,2.0,1.0,0.0,0.0,2.0,0.0,0.0,0.0,2.0,1.0,2.0,1.0,1.0,2.0,0.0,0.0,0.0,0.0,2.0,1.0,2.0,0.0,2.0,2.0,2.0,2.0,1.0,1.0,0.0,1.0,1.0,2.0,0.0,1.0,1.0,0.0,2.0,0.0,2.0,1.0,1.0,0.0,2.0,1.0,1.0,2.0,1.0,2.0,2.0,0.0,1.0,2.0,2.0,1.0,2.0,2.0,0.0,2.0,0.0,2.0,0.0,0.0,0.0,0.0,2.0,2.0,1.0,0.0,2.0,0.0,2.0,2.0,2.0,0.0,2.0,2.0,1.0,2.0,2.0,1.0,0.0,2.0,0.0,1.0
6389,2.0,0.0,1.0,0.0,1.0,0.0,0.0,2.0,2.0,0.0,0.0,0.0,0.0,2.0,1.0,2.0,2.0,1.0,0.0,1.0,1.0,0.0,2.0,1.0,2.0,1.0,1.0,0.0,2.0,1.0,1.0,2.0,2.0,0.0,2.0,0.0,1.0,1.0,2.0,1.0,2.0,2.0,1.0,1.0,0.0,0.0,2.0,2.0,1.0,0.0,0.0,0.0,2.0,0.0,2.0,0.0,0.0,0.0,1.0,2.0,1.0,2.0,0.0,0.0,2.0,0.0,1.0,1.0,1.0,0.0,2.0,2.0,0.0,1.0,1.0,0.0,2.0,0.0,0.0,0.0,2.0,1.0,0.0,0.0,2.0,0.0,1.0,0.0,0.0,2.0,1.0,2.0,0.0,1.0,2.0,2.0,1.0,2.0,0.0,0.0
6390,1.0,0.0,1.0,0.0,1.0,0.0,1.0,2.0,2.0,0.0,0.0,1.0,1.0,2.0,1.0,1.0,2.0,1.0,2.0,1.0,2.0,0.0,2.0,1.0,2.0,2.0,2.0,0.0,2.0,2.0,1.0,1.0,2.0,0.0,1.0,1.0,1.0,1.0,1.0,1.0,2.0,2.0,1.0,2.0,0.0,0.0,2.0,2.0,1.0,1.0,0.0,0.0,2.0,0.0,2.0,0.0,1.0,0.0,1.0,1.0,1.0,2.0,0.0,1.0,2.0,0.0,0.0,0.0,1.0,0.0,2.0,2.0,0.0,1.0,1.0,1.0,1.0,0.0,1.0,0.0,1.0,1.0,0.0,1.0,2.0,0.0,1.0,1.0,0.0,2.0,1.0,2.0,0.0,0.0,2.0,2.0,0.0,2.0,0.0,1.0
6391,2.0,1.0,1.0,1.0,0.0,0.0,2.0,1.0,1.0,1.0,2.0,0.0,0.0,2.0,0.0,1.0,2.0,1.0,2.0,1.0,2.0,0.0,2.0,1.0,1.0,1.0,2.0,0.0,0.0,2.0,1.0,1.0,0.0,0.0,1.0,2.0,0.0,1.0,2.0,2.0,2.0,1.0,2.0,1.0,0.0,1.0,2.0,2.0,1.0,1.0,1.0,0.0,2.0,0.0,1.0,0.0,2.0,0.0,2.0,1.0,1.0,2.0,0.0,1.0,2.0,2.0,0.0,2.0,0.0,0.0,2.0,2.0,0.0,1.0,1.0,1.0,0.0,1.0,1.0,0.0,2.0,1.0,1.0,1.0,2.0,0.0,0.0,2.0,1.0,1.0,2.0,2.0,2.0,2.0,2.0,2.0,1.0,2.0,0.0,0.0
6392,2.0,0.0,1.0,1.0,0.0,0.0,1.0,1.0,0.0,0.0,2.0,0.0,1.0,2.0,1.0,0.0,2.0,1.0,2.0,0.0,2.0,0.0,1.0,0.0,1.0,1.0,2.0,1.0,1.0,2.0,1.0,0.0,0.0,0.0,1.0,1.0,0.0,1.0,2.0,2.0,2.0,0.0,0.0,2.0,0.0,1.0,2.0,2.0,1.0,1.0,1.0,0.0,2.0,0.0,2.0,0.0,2.0,0.0,2.0,0.0,0.0,2.0,1.0,1.0,2.0,2.0,0.0,2.0,0.0,1.0,2.0,1.0,0.0,1.0,0.0,0.0,0.0,1.0,1.0,0.0,2.0,0.0,0.0,1.0,2.0,1.0,0.0,1.0,1.0,1.0,2.0,1.0,2.0,2.0,2.0,2.0,1.0,2.0,0.0,0.0
6393,2.0,0.0,2.0,1.0,0.0,0.0,0.0,2.0,2.0,0.0,0.0,1.0,0.0,2.0,2.0,2.0,2.0,1.0,1.0,1.0,2.0,0.0,2.0,1.0,2.0,1.0,2.0,1.0,1.0,2.0,1.0,1.0,2.0,2.0,1.0,0.0,0.0,1.0,2.0,1.0,2.0,2.0,2.0,2.0,0.0,1.0,2.0,2.0,1.0,1.0,0.0,0.0,2.0,0.0,1.0,0.0,2.0,0.0,2.0,1.0,1.0,2.0,0.0,2.0,2.0,1.0,0.0,1.0,1.0,1.0,2.0,2.0,0.0,1.0,1.0,1.0,2.0,0.0,0.0,0.0,2.0,1.0,0.0,2.0,2.0,0.0,1.0,1.0,0.0,2.0,1.0,2.0,0.0,2.0,2.0,2.0,0.0,2.0,1.0,1.0
6394,1.0,0.0,1.0,1.0,0.0,0.0,2.0,2.0,2.0,0.0,0.0,1.0,1.0,2.0,2.0,2.0,2.0,1.0,1.0,1.0,2.0,0.0,2.0,1.0,2.0,1.0,2.0,1.0,1.0,2.0,0.0,2.0,2.0,2.0,1.0,0.0,1.0,1.0,2.0,2.0,2.0,2.0,1.0,2.0,0.0,1.0,2.0,2.0,1.0,0.0,0.0,0.0,2.0,0.0,2.0,0.0,1.0,0.0,2.0,1.0,1.0,2.0,0.0,2.0,2.0,1.0,1.0,1.0,1.0,0.0,2.0,2.0,0.0,1.0,1.0,1.0,2.0,0.0,0.0,0.0,1.0,0.0,0.0,1.0,2.0,0.0,2.0,0.0,0.0,2.0,1.0,2.0,0.0,2.0,1.0,1.0,1.0,2.0,2.0,2.0
6395,2.0,0.0,1.0,2.0,1.0,0.0,1.0,2.0,2.0,0.0,1.0,0.0,0.0,2.0,2.0,1.0,2.0,1.0,2.0,0.0,2.0,0.0,2.0,1.0,1.0,2.0,2.0,0.0,1.0,2.0,0.0,1.0,1.0,0.0,2.0,2.0,0.0,2.0,1.0,2.0,2.0,1.0,2.0,1.0,0.0,0.0,2.0,2.0,1.0,0.0,0.0,0.0,2.0,0.0,2.0,0.0,1.0,0.0,2.0,1.0,1.0,2.0,0.0,2.0,2.0,0.0,1.0,1.0,2.0,0.0,2.0,2.0,1.0,0.0,0.0,0.0,0.0,1.0,1.0,0.0,2.0,0.0,0.0,2.0,2.0,0.0,1.0,2.0,2.0,1.0,2.0,2.0,1.0,1.0,2.0,1.0,1.0,2.0,0.0,0.0
6396,2.0,0.0,1.0,1.0,1.0,0.0,1.0,2.0,2.0,0.0,2.0,1.0,1.0,1.0,2.0,2.0,2.0,1.0,1.0,0.0,2.0,0.0,2.0,0.0,1.0,2.0,2.0,1.0,1.0,2.0,0.0,0.0,1.0,0.0,1.0,2.0,1.0,2.0,1.0,1.0,2.0,1.0,2.0,2.0,0.0,0.0,2.0,2.0,0.0,0.0,0.0,0.0,2.0,0.0,1.0,0.0,1.0,0.0,2.0,1.0,0.0,2.0,0.0,1.0,2.0,1.0,0.0,1.0,1.0,0.0,2.0,2.0,0.0,0.0,0.0,0.0,0.0,1.0,1.0,0.0,2.0,0.0,1.0,2.0,2.0,0.0,2.0,2.0,1.0,1.0,2.0,2.0,2.0,2.0,2.0,1.0,0.0,2.0,0.0,0.0
6397,2.0,1.0,1.0,1.0,1.0,0.0,1.0,2.0,2.0,0.0,1.0,2.0,1.0,1.0,2.0,1.0,2.0,1.0,2.0,0.0,2.0,0.0,2.0,0.0,2.0,1.0,2.0,0.0,2.0,2.0,0.0,0.0,1.0,0.0,1.0,0.0,1.0,2.0,1.0,1.0,2.0,0.0,2.0,1.0,0.0,0.0,2.0,2.0,1.0,0.0,0.0,0.0,2.0,0.0,2.0,0.0,1.0,0.0,2.0,0.0,1.0,1.0,0.0,2.0,2.0,0.0,1.0,1.0,1.0,0.0,2.0,2.0,1.0,0.0,0.0,0.0,0.0,0.0,0.0,0.0,2.0,0.0,0.0,0.0,2.0,0.0,0.0,2.0,1.0,1.0,2.0,1.0,2.0,2.0,2.0,2.0,1.0,2.0,0.0,0.0
6398,1.0,0.0,2.0,1.0,0.0,0.0,2.0,2.0,2.0,1.0,0.0,0.0,1.0,2.0,2.0,2.0,2.0,2.0,2.0,0.0,2.0,0.0,0.0,0.0,2.0,0.0,2.0,1.0,1.0,2.0,0.0,1.0,1.0,1.0,1.0,0.0,1.0,0.0,2.0,1.0,2.0,1.0,1.0,2.0,0.0,0.0,2.0,1.0,2.0,0.0,0.0,0.0,2.0,0.0,2.0,0.0,1.0,0.0,2.0,2.0,0.0,2.0,1.0,2.0,2.0,1.0,1.0,1.0,0.0,1.0,2.0,2.0,0.0,2.0,0.0,1.0,1.0,0.0,1.0,0.0,2.0,1.0,0.0,0.0,2.0,0.0,2.0,2.0,2.0,2.0,0.0,2.0,0.0,2.0,2.0,1.0,1.0,2.0,1.0,1.0
6399,2.0,0.0,2.0,1.0,0.0,0.0,1.0,1.0,2.0,1.0,1.0,0.0,1.0,2.0,2.0,2.0,2.0,1.0,1.0,1.0,2.0,1.0,1.0,0.0,2.0,2.0,2.0,1.0,0.0,1.0,0.0,1.0,2.0,0.0,1.0,1.0,1.0,0.0,2.0,2.0,2.0,1.0,1.0,2.0,0.0,0.0,2.0,1.0,2.0,2.0,0.0,0.0,2.0,0.0,2.0,0.0,0.0,0.0,2.0,2.0,1.0,2.0,1.0,2.0,2.0,1.0,1.0,1.0,0.0,1.0,2.0,2.0,0.0,2.0,0.0,1.0,1.0,0.0,1.0,0.0,1.0,0.0,0.0,1.0,2.0,0.0,2.0,2.0,2.0,2.0,0.0,2.0,0.0,2.0,2.0,2.0,1.0,2.0,1.0,0.0
6400,1.0,0.0,2.0,1.0,0.0,0.0,0.0,1.0,2.0,0.0,0.0,0.0,0.0,2.0,1.0,2.0,2.0,2.0,2.0,2.0,2.0,1.0,1.0,0.0,2.0,1.0,2.0,1.0,1.0,2.0,0.0,0.0,2.0,1.0,1.0,1.0,1.0,0.0,1.0,2.0,2.0,2.0,1.0,1.0,0.0,0.0,2.0,1.0,1.0,2.0,0.0,0.0,2.0,0.0,2.0,0.0,1.0,0.0,2.0,2.0,0.0,2.0,1.0,2.0,2.0,0.0,1.0,0.0,1.0,1.0,2.0,2.0,0.0,2.0,0.0,1.0,1.0,0.0,1.0,0.0,2.0,0.0,0.0,1.0,2.0,1.0,1.0,2.0,2.0,2.0,1.0,2.0,0.0,2.0,2.0,2.0,1.0,2.0,1.0,0.0
6401,2.0,1.0,1.0,1.0,0.0,1.0,2.0,2.0,2.0,0.0,1.0,2.0,2.0,2.0,1.0,2.0,2.0,0.0,0.0,2.0,1.0,0.0,1.0,0.0,2.0,0.0,0.0,0.0,1.0,1.0,1.0,2.0,1.0,0.0,1.0,2.0,2.0,1.0,1.0,0.0,2.0,2.0,2.0,1.0,0.0,1.0,2.0,1.0,1.0,0.0,0.0,0.0,2.0,0.0,1.0,1.0,2.0,0.0,2.0,1.0,0.0,2.0,0.0,2.0,2.0,0.0,0.0,1.0,1.0,0.0,1.0,1.0,0.0,1.0,2.0,0.0,1.0,0.0,0.0,0.0,2.0,1.0,0.0,2.0,2.0,0.0,2.0,1.0,1.0,1.0,1.0,1.0,1.0,1.0,1.0,2.0,1.0,2.0,0.0,0.0
6402,2.0,1.0,1.0,0.0,0.0,1.0,2.0,2.0,2.0,1.0,1.0,1.0,1.0,2.0,2.0,1.0,2.0,0.0,1.0,2.0,2.0,0.0,2.0,1.0,2.0,0.0,0.0,1.0,2.0,0.0,1.0,2.0,1.0,1.0,1.0,0.0,2.0,1.0,0.0,1.0,2.0,1.0,2.0,0.0,1.0,1.0,1.0,1.0,2.0,1.0,0.0,0.0,2.0,0.0,1.0,2.0,2.0,0.0,2.0,2.0,0.0,0.0,2.0,1.0,2.0,0.0,2.0,2.0,0.0,0.0,2.0,1.0,0.0,1.0,0.0,0.0,0.0,0.0,0.0,0.0,2.0,0.0,0.0,1.0,2.0,0.0,1.0,2.0,1.0,1.0,0.0,0.0,0.0,1.0,2.0,2.0,2.0,2.0,1.0,0.0
6403,2.0,1.0,1.0,0.0,0.0,1.0,2.0,2.0,1.0,2.0,2.0,1.0,1.0,2.0,1.0,2.0,1.0,1.0,2.0,2.0,2.0,0.0,2.0,1.0,2.0,0.0,1.0,1.0,2.0,0.0,1.0,2.0,1.0,0.0,0.0,0.0,2.0,1.0,1.0,1.0,2.0,2.0,2.0,0.0,0.0,1.0,1.0,1.0,0.0,0.0,0.0,0.0,2.0,0.0,2.0,2.0,2.0,0.0,2.0,2.0,0.0,0.0,2.0,2.0,2.0,0.0,1.0,2.0,0.0,1.0,2.0,2.0,0.0,1.0,0.0,0.0,1.0,0.0,0.0,0.0,2.0,0.0,1.0,1.0,2.0,1.0,1.0,1.0,1.0,1.0,1.0,0.0,0.0,1.0,2.0,2.0,2.0,2.0,1.0,2.0
6406,0.0,2.0,1.0,1.0,0.0,1.0,1.0,2.0,1.0,0.0,2.0,1.0,2.0,1.0,2.0,2.0,1.0,2.0,2.0,1.0,1.0,0.0,0.0,2.0,2.0,0.0,0.0,1.0,2.0,0.0,1.0,2.0,1.0,1.0,0.0,2.0,1.0,1.0,0.0,2.0,2.0,1.0,1.0,1.0,0.0,1.0,0.0,1.0,1.0,0.0,0.0,0.0,2.0,0.0,1.0,1.0,2.0,0.0,2.0,1.0,2.0,2.0,1.0,2.0,2.0,0.0,2.0,2.0,0.0,1.0,2.0,2.0,0.0,1.0,1.0,0.0,1.0,0.0,1.0,0.0,2.0,1.0,0.0,2.0,2.0,2.0,1.0,2.0,0.0,2.0,0.0,0.0,0.0,2.0,2.0,2.0,2.0,2.0,0.0,0.0
6407,1.0,1.0,1.0,1.0,0.0,0.0,2.0,2.0,2.0,2.0,0.0,1.0,1.0,2.0,0.0,1.0,2.0,0.0,1.0,1.0,1.0,0.0,1.0,0.0,2.0,1.0,2.0,0.0,2.0,0.0,1.0,1.0,1.0,0.0,0.0,0.0,1.0,0.0,1.0,2.0,2.0,1.0,1.0,2.0,0.0,2.0,1.0,1.0,2.0,0.0,0.0,0.0,2.0,0.0,2.0,2.0,2.0,0.0,2.0,1.0,1.0,2.0,1.0,1.0,2.0,0.0,1.0,2.0,1.0,0.0,2.0,1.0,0.0,1.0,0.0,0.0,0.0,0.0,0.0,0.0,2.0,0.0,2.0,1.0,2.0,1.0,0.0,2.0,1.0,2.0,1.0,1.0,0.0,1.0,2.0,2.0,2.0,2.0,0.0,1.0
6408,0.0,1.0,1.0,2.0,0.0,1.0,2.0,1.0,2.0,2.0,0.0,1.0,2.0,2.0,1.0,2.0,1.0,1.0,2.0,2.0,2.0,0.0,1.0,1.0,2.0,1.0,2.0,0.0,1.0,0.0,0.0,2.0,0.0,0.0,0.0,1.0,0.0,1.0,0.0,1.0,2.0,1.0,2.0,1.0,1.0,0.0,2.0,1.0,2.0,0.0,0.0,0.0,2.0,0.0,1.0,1.0,1.0,0.0,2.0,2.0,0.0,2.0,2.0,1.0,2.0,0.0,1.0,1.0,0.0,2.0,2.0,2.0,0.0,0.0,1.0,0.0,0.0,0.0,1.0,0.0,2.0,1.0,0.0,1.0,2.0,2.0,1.0,1.0,0.0,0.0,1.0,0.0,0.0,1.0,2.0,2.0,0.0,2.0,1.0,0.0
6414,0.0,1.0,1.0,1.0,1.0,0.0,2.0,1.0,2.0,1.0,1.0,0.0,1.0,2.0,2.0,0.0,1.0,0.0,1.0,1.0,1.0,1.0,1.0,0.0,2.0,0.0,1.0,0.0,1.0,1.0,1.0,2.0,1.0,1.0,0.0,1.0,1.0,0.0,0.0,2.0,2.0,1.0,2.0,1.0,0.0,1.0,2.0,2.0,1.0,0.0,0.0,0.0,2.0,0.0,2.0,2.0,2.0,1.0,2.0,1.0,0.0,2.0,1.0,1.0,1.0,0.0,0.0,1.0,0.0,1.0,2.0,1.0,0.0,1.0,1.0,1.0,1.0,0.0,0.0,1.0,2.0,0.0,0.0,1.0,2.0,2.0,0.0,2.0,1.0,2.0,0.0,2.0,0.0,2.0,2.0,2.0,1.0,2.0,2.0,1.0
6415,1.0,2.0,1.0,0.0,0.0,1.0,2.0,1.0,2.0,1.0,0.0,1.0,0.0,2.0,2.0,1.0,2.0,0.0,0.0,2.0,1.0,0.0,1.0,1.0,2.0,0.0,2.0,0.0,1.0,0.0,2.0,2.0,0.0,0.0,1.0,1.0,2.0,2.0,0.0,2.0,2.0,1.0,2.0,1.0,0.0,1.0,1.0,1.0,2.0,0.0,0.0,0.0,2.0,0.0,1.0,0.0,2.0,0.0,2.0,2.0,1.0,2.0,2.0,1.0,2.0,0.0,0.0,1.0,1.0,1.0,2.0,2.0,0.0,0.0,1.0,0.0,0.0,0.0,0.0,0.0,2.0,0.0,0.0,2.0,2.0,1.0,2.0,2.0,1.0,0.0,0.0,0.0,0.0,2.0,1.0,2.0,1.0,2.0,1.0,1.0
6416,2.0,1.0,1.0,1.0,1.0,1.0,2.0,1.0,2.0,2.0,2.0,1.0,2.0,2.0,2.0,2.0,2.0,1.0,2.0,2.0,1.0,0.0,1.0,1.0,2.0,0.0,1.0,0.0,0.0,0.0,1.0,2.0,1.0,0.0,0.0,1.0,1.0,1.0,0.0,1.0,1.0,0.0,2.0,2.0,0.0,1.0,1.0,1.0,1.0,1.0,0.0,0.0,2.0,0.0,2.0,1.0,2.0,0.0,2.0,1.0,1.0,1.0,1.0,1.0,2.0,0.0,1.0,0.0,1.0,2.0,1.0,2.0,0.0,1.0,1.0,0.0,1.0,0.0,0.0,0.0,2.0,0.0,0.0,1.0,2.0,2.0,0.0,1.0,0.0,1.0,1.0,2.0,0.0,2.0,1.0,2.0,1.0,2.0,0.0,1.0
6417,1.0,2.0,1.0,0.0,1.0,1.0,2.0,1.0,2.0,1.0,0.0,0.0,2.0,2.0,2.0,1.0,2.0,0.0,0.0,1.0,1.0,0.0,1.0,1.0,2.0,1.0,0.0,0.0,1.0,1.0,2.0,2.0,2.0,1.0,1.0,0.0,1.0,2.0,1.0,2.0,2.0,1.0,2.0,0.0,1.0,0.0,1.0,1.0,2.0,1.0,0.0,0.0,2.0,0.0,1.0,2.0,2.0,0.0,2.0,1.0,0.0,1.0,1.0,1.0,2.0,0.0,1.0,1.0,0.0,0.0,2.0,0.0,0.0,0.0,1.0,0.0,1.0,0.0,0.0,0.0,2.0,0.0,0.0,0.0,2.0,1.0,1.0,2.0,0.0,2.0,0.0,0.0,0.0,2.0,2.0,2.0,1.0,2.0,0.0,1.0
6418,1.0,2.0,2.0,1.0,0.0,2.0,2.0,1.0,2.0,2.0,2.0,1.0,1.0,2.0,2.0,2.0,2.0,1.0,2.0,2.0,2.0,0.0,1.0,1.0,2.0,1.0,1.0,1.0,1.0,0.0,0.0,2.0,0.0,0.0,1.0,0.0,2.0,2.0,0.0,1.0,2.0,1.0,2.0,0.0,0.0,1.0,1.0,2.0,0.0,1.0,0.0,0.0,2.0,0.0,2.0,1.0,2.0,0.0,2.0,1.0,1.0,2.0,1.0,2.0,2.0,0.0,1.0,1.0,1.0,1.0,2.0,2.0,0.0,0.0,1.0,0.0,0.0,0.0,0.0,0.0,2.0,0.0,1.0,1.0,2.0,0.0,2.0,2.0,1.0,1.0,0.0,2.0,0.0,1.0,2.0,2.0,1.0,2.0,1.0,1.0
6419,1.0,2.0,2.0,0.0,0.0,2.0,1.0,1.0,2.0,2.0,1.0,1.0,2.0,2.0,0.0,1.0,2.0,1.0,2.0,2.0,1.0,0.0,1.0,1.0,2.0,0.0,1.0,0.0,1.0,0.0,1.0,2.0,0.0,0.0,0.0,0.0,2.0,0.0,0.0,1.0,2.0,0.0,1.0,1.0,0.0,0.0,0.0,1.0,0.0,1.0,0.0,0.0,2.0,0.0,2.0,0.0,2.0,0.0,2.0,1.0,1.0,1.0,1.0,2.0,1.0,0.0,1.0,1.0,1.0,1.0,2.0,1.0,0.0,2.0,1.0,0.0,0.0,0.0,0.0,0.0,2.0,1.0,0.0,1.0,2.0,1.0,2.0,2.0,1.0,1.0,1.0,2.0,0.0,2.0,2.0,2.0,1.0,2.0,1.0,0.0
6420,0.0,1.0,1.0,1.0,0.0,0.0,1.0,2.0,2.0,0.0,1.0,1.0,2.0,2.0,2.0,2.0,1.0,2.0,1.0,2.0,1.0,0.0,0.0,1.0,2.0,1.0,1.0,2.0,1.0,1.0,1.0,2.0,1.0,1.0,1.0,1.0,1.0,1.0,0.0,2.0,2.0,2.0,1.0,0.0,0.0,1.0,1.0,0.0,1.0,0.0,0.0,0.0,2.0,0.0,1.0,1.0,2.0,0.0,2.0,2.0,1.0,2.0,2.0,1.0,1.0,0.0,2.0,1.0,0.0,1.0,2.0,2.0,0.0,1.0,0.0,0.0,1.0,0.0,1.0,0.0,2.0,0.0,0.0,1.0,2.0,2.0,1.0,2.0,1.0,2.0,1.0,1.0,0.0,2.0,1.0,2.0,2.0,2.0,1.0,1.0
6421,0.0,1.0,2.0,2.0,1.0,1.0,2.0,2.0,1.0,2.0,2.0,1.0,0.0,2.0,2.0,2.0,1.0,1.0,2.0,1.0,1.0,0.0,0.0,1.0,2.0,1.0,1.0,0.0,0.0,0.0,0.0,2.0,0.0,0.0,1.0,1.0,2.0,0.0,0.0,2.0,1.0,2.0,2.0,1.0,1.0,0.0,2.0,1.0,1.7,2.0,1.0,0.0,2.0,0.0,1.0,1.0,2.0,0.0,2.0,2.0,0.0,0.0,1.0,2.0,2.0,0.0,1.0,0.0,0.0,1.0,2.0,2.0,0.0,2.0,1.0,0.0,1.0,0.0,0.0,0.0,2.0,1.0,0.0,1.0,2.0,2.0,2.0,2.0,0.0,1.0,0.0,1.0,0.0,2.0,1.0,2.0,1.0,2.0,1.0,0.0
6422,0.0,1.0,2.0,2.0,1.0,1.0,1.0,2.0,1.0,2.0,2.0,2.0,1.0,2.0,2.0,2.0,2.0,1.0,2.0,0.0,1.0,0.0,0.0,2.0,2.0,0.0,1.0,0.0,1.0,0.0,0.0,2.0,0.0,0.0,1.0,1.0,1.0,1.0,0.0,2.0,1.0,1.0,2.0,1.0,1.0,0.0,1.0,1.0,2.0,2.0,1.0,1.0,2.0,0.0,2.0,0.0,2.0,0.0,2.0,1.0,0.0,1.0,0.0,2.0,2.0,0.0,0.0,1.0,0.0,1.0,1.0,2.0,0.0,1.0,1.0,0.0,0.0,0.0,0.0,0.0,2.0,1.0,0.0,1.0,2.0,2.0,1.0,2.0,0.0,1.0,0.0,1.0,0.0,2.0,2.0,2.0,1.0,2.0,0.0,0.0
6423,0.0,1.0,2.0,2.0,1.0,1.0,1.0,1.0,1.0,1.0,2.0,1.0,0.0,2.0,2.0,2.0,2.0,1.0,2.0,1.0,1.0,0.0,0.0,0.0,2.0,0.0,0.0,0.0,0.0,0.0,0.0,2.0,0.0,0.0,1.0,0.0,2.0,1.0,0.0,2.0,1.0,1.0,1.0,1.0,1.0,0.0,2.0,1.0,1.87,2.0,1.0,0.0,2.0,0.0,2.0,1.0,2.0,0.0,2.0,1.0,0.0,1.0,0.0,2.0,2.0,0.0,1.0,0.0,0.0,1.0,1.0,2.0,0.0,1.0,1.0,0.0,1.0,0.0,0.0,0.0,2.0,1.0,0.0,1.0,2.0,2.0,2.0,2.0,0.0,2.0,0.0,1.0,0.0,2.0,1.0,2.0,0.0,2.0,1.0,0.0
6424,0.0,1.0,1.0,2.0,0.0,1.0,1.0,0.0,1.0,0.0,0.0,0.0,2.0,2.0,2.0,2.0,1.0,2.0,1.0,1.0,2.0,0.0,0.0,1.0,2.0,0.0,1.0,1.0,1.0,1.0,0.0,2.0,1.0,1.0,1.0,0.0,1.0,2.0,0.0,2.0,1.0,1.0,2.0,0.0,1.0,0.0,1.0,2.0,2.0,0.0,1.0,0.0,2.0,0.0,2.0,1.0,2.0,0.0,2.0,1.0,2.0,2.0,2.0,2.0,1.0,0.0,2.0,1.0,0.0,0.0,2.0,2.0,0.0,0.0,1.0,0.0,0.0,0.0,0.0,0.0,2.0,1.0,0.0,2.0,2.0,2.0,1.0,2.0,2.0,2.0,1.0,1.0,0.0,2.0,1.0,1.0,2.0,2.0,1.0,1.0
6425,1.0,1.0,1.0,1.0,0.0,1.0,2.0,2.0,2.0,1.0,1.0,0.0,2.0,2.0,2.0,2.0,2.0,1.0,0.0,2.0,1.0,0.0,1.0,1.0,2.0,1.0,1.0,0.0,2.0,1.0,1.0,1.0,2.0,1.0,1.0,0.0,1.0,1.0,0.0,2.0,2.0,1.0,2.0,0.0,1.0,0.0,1.0,0.0,2.0,1.0,0.0,0.0,2.0,0.0,1.0,1.0,2.0,0.0,2.0,1.0,0.0,1.0,1.0,2.0,1.0,0.0,2.0,2.0,0.0,0.0,2.0,0.0,0.0,1.0,1.0,0.0,0.0,0.0,0.0,0.0,1.0,1.0,0.0,2.0,2.0,1.0,1.0,2.0,2.0,2.0,1.0,1.0,0.0,1.0,2.0,2.0,2.0,2.0,2.0,1.0
6426,1.0,1.0,1.0,1.0,0.0,0.0,1.0,2.0,2.0,2.0,0.0,0.0,1.0,2.0,2.0,2.0,2.0,1.0,1.0,1.0,2.0,0.0,1.0,0.0,2.0,1.0,1.0,1.0,2.0,1.0,1.0,2.0,2.0,0.0,1.0,0.0,2.0,1.0,0.0,2.0,2.0,2.0,2.0,0.0,0.0,1.0,2.0,1.0,2.0,0.0,0.0,0.0,2.0,0.0,1.0,2.0,2.0,0.0,2.0,1.0,1.0,1.0,1.0,1.0,2.0,0.0,2.0,2.0,0.0,0.0,2.0,0.0,0.0,1.0,0.0,0.0,0.0,0.0,0.0,0.0,2.0,1.0,0.0,1.0,2.0,1.0,0.0,2.0,1.0,2.0,1.0,0.0,0.0,2.0,1.0,2.0,2.0,2.0,2.0,0.0
6427,1.0,0.0,2.0,1.0,0.0,1.0,2.0,2.0,2.0,0.0,1.0,0.0,2.0,2.0,2.0,2.0,2.0,1.0,1.0,1.0,2.0,0.0,1.0,0.0,2.0,1.0,1.0,2.0,1.0,1.0,1.0,1.0,2.0,1.0,2.0,0.0,2.0,1.0,0.0,2.0,2.0,1.0,2.0,0.0,0.0,0.0,1.0,1.0,2.0,1.0,1.0,0.0,2.0,0.0,2.0,2.0,2.0,0.0,2.0,1.0,0.0,1.0,2.0,2.0,1.0,0.0,2.0,1.0,0.0,0.0,2.0,2.0,0.0,1.0,0.0,0.0,0.0,0.0,0.0,0.0,1.0,1.0,0.0,2.0,2.0,1.0,2.0,2.0,2.0,1.0,1.0,0.0,0.0,1.0,2.0,1.0,2.0,2.0,2.0,1.0
6428,2.0,1.0,1.0,2.0,0.0,2.0,1.0,2.0,1.0,1.0,1.0,1.0,1.0,2.0,2.0,2.0,0.0,2.0,2.0,1.0,1.0,0.0,1.0,2.0,2.0,0.0,0.0,0.0,1.0,0.0,0.0,2.0,0.0,0.0,0.0,0.0,0.0,1.0,1.0,2.0,2.0,1.0,2.0,2.0,0.0,1.0,1.0,0.0,2.0,0.0,0.0,0.0,1.0,0.0,1.0,1.0,2.0,0.0,2.0,1.0,0.0,2.0,2.0,1.0,2.0,0.0,1.0,1.0,0.0,1.0,2.0,2.0,0.0,1.0,1.0,0.0,1.0,0.0,1.0,0.0,2.0,1.0,0.0,1.0,2.0,2.0,0.0,2.0,0.0,1.0,0.0,0.0,0.0,2.0,2.0,2.0,1.0,2.0,1.0,1.0
6430,2.0,1.0,1.0,1.0,0.0,0.0,1.0,1.0,1.0,1.0,2.0,1.0,2.0,2.0,1.0,2.0,1.0,0.0,2.0,1.0,2.0,0.0,1.0,1.0,2.0,0.0,1.0,0.0,0.0,1.0,0.0,1.0,1.0,0.0,0.0,1.0,0.0,2.0,1.0,1.0,2.0,2.0,2.0,0.0,0.0,1.0,1.0,1.0,1.0,2.0,1.0,0.0,2.0,0.0,1.0,1.0,2.0,0.0,2.0,0.0,0.0,2.0,1.0,2.0,1.0,0.0,1.0,1.0,1.0,1.0,2.0,2.0,0.0,0.0,1.0,1.0,1.0,0.0,1.0,0.0,1.0,1.0,0.0,0.0,2.0,1.0,1.0,1.0,2.0,2.0,1.0,1.0,0.0,1.0,2.0,2.0,0.0,2.0,2.0,2.0
6432,1.0,2.0,0.0,1.0,1.0,0.0,1.0,1.0,2.0,0.0,1.0,2.0,2.0,2.0,2.0,1.0,2.0,0.0,1.0,2.0,1.0,0.0,1.0,1.0,2.0,1.0,0.0,0.0,1.0,0.0,0.0,2.0,2.0,0.0,0.0,1.0,2.0,0.0,2.0,2.0,1.0,0.0,2.0,1.0,0.0,1.0,1.0,2.0,1.0,0.0,0.0,0.0,2.0,0.0,2.0,1.0,2.0,1.0,2.0,2.0,2.0,2.0,2.0,1.0,1.0,0.0,1.0,1.0,1.0,0.0,1.0,2.0,0.0,1.0,0.0,0.0,1.0,0.0,0.0,0.0,2.0,0.0,1.0,1.0,2.0,1.0,2.0,2.0,1.0,2.0,1.0,1.0,0.0,2.0,2.0,1.0,2.0,2.0,1.0,1.0
6433,1.0,1.0,1.0,0.0,1.0,0.0,1.0,2.0,2.0,0.0,1.0,2.0,2.0,2.0,2.0,2.0,1.0,1.0,2.0,1.0,1.0,0.0,0.0,1.0,2.0,1.0,0.0,1.0,2.0,0.0,2.0,2.0,0.0,0.0,0.0,1.0,2.0,1.0,0.0,2.0,2.0,0.0,2.0,0.0,0.0,2.0,1.0,1.0,1.0,0.0,0.0,0.0,2.0,0.0,2.0,2.0,2.0,0.0,2.0,1.0,2.0,2.0,2.0,2.0,2.0,0.0,1.0,1.0,0.0,2.0,2.0,2.0,0.0,0.0,0.0,0.0,1.0,0.0,1.0,0.0,2.0,1.0,1.0,2.0,2.0,1.0,2.0,2.0,0.0,2.0,0.0,1.0,0.0,2.0,2.0,2.0,2.0,1.0,0.0,1.0
6434,1.0,2.0,1.0,1.0,0.0,1.0,1.0,2.0,2.0,0.0,2.0,1.0,2.0,2.0,2.0,2.0,2.0,1.0,2.0,1.0,2.0,0.0,0.0,1.0,2.0,0.0,0.0,1.0,2.0,0.0,1.0,1.0,0.0,0.0,0.0,1.0,1.0,1.0,0.0,2.0,2.0,1.0,1.0,0.0,0.0,2.0,1.0,2.0,1.0,0.0,0.0,0.0,2.0,0.0,1.0,2.0,2.0,0.0,2.0,1.0,2.0,2.0,1.0,2.0,2.0,0.0,1.0,1.0,0.0,0.0,1.0,2.0,0.0,1.0,0.0,0.0,0.0,0.0,0.0,0.0,2.0,0.0,1.0,1.0,2.0,1.0,0.0,2.0,0.0,2.0,0.0,1.0,0.0,2.0,2.0,2.0,2.0,1.0,0.0,0.0
6435,1.0,1.0,2.0,1.0,0.0,1.0,2.0,1.0,2.0,2.0,1.0,2.0,1.0,2.0,1.0,2.0,2.0,1.0,1.0,1.0,1.0,0.0,0.0,0.0,2.0,2.0,1.0,0.0,2.0,0.0,1.0,1.0,1.0,0.0,0.0,1.0,2.0,1.0,1.0,2.0,2.0,1.0,2.0,0.0,1.0,1.0,1.0,2.0,2.0,0.0,0.0,0.0,2.0,0.0,2.0,1.0,2.0,0.0,2.0,1.0,2.0,2.0,1.0,2.0,2.0,0.0,1.0,2.0,1.0,2.0,1.0,2.0,0.0,1.0,1.0,0.0,1.0,0.0,0.0,0.0,2.0,0.0,1.0,1.0,2.0,1.0,1.0,2.0,0.0,2.0,2.0,2.0,0.0,2.0,2.0,1.0,2.0,1.0,0.0,2.0
6439,2.0,1.0,2.0,1.0,0.0,1.0,1.0,0.0,1.0,1.0,2.0,1.0,2.0,2.0,2.0,2.0,2.0,2.0,1.0,1.0,1.0,0.0,0.0,2.0,2.0,1.0,1.0,0.0,1.0,1.0,0.0,2.0,0.0,0.0,1.0,0.0,1.0,1.0,0.0,2.0,1.0,2.0,2.0,1.0,1.0,1.0,2.0,1.0,2.0,0.0,0.0,0.0,2.0,0.0,1.0,1.0,2.0,0.0,2.0,1.0,1.0,2.0,0.0,0.0,2.0,0.0,1.0,1.0,0.0,1.0,2.0,2.0,0.0,1.0,2.0,0.0,1.0,0.0,0.0,0.0,1.0,1.0,0.0,0.0,2.0,1.0,2.0,2.0,0.0,2.0,1.0,1.0,0.0,2.0,2.0,2.0,1.0,2.0,1.0,1.0
6440,1.0,0.0,1.0,2.0,0.0,1.0,2.0,1.0,1.0,1.0,2.0,0.0,1.0,2.0,2.0,2.0,2.0,1.0,2.0,2.0,1.0,0.0,0.0,0.0,2.0,0.0,0.0,0.0,1.0,0.0,0.0,2.0,1.0,0.0,1.0,0.0,1.0,2.0,0.0,2.0,0.0,2.0,2.0,0.0,1.0,0.0,2.0,1.0,2.0,1.0,0.0,0.0,2.0,0.0,2.0,1.0,2.0,0.0,2.0,2.0,0.0,1.0,0.0,1.0,2.0,0.0,0.0,1.0,0.0,0.0,2.0,2.0,0.0,0.0,2.0,0.0,1.0,0.0,0.0,0.0,2.0,2.0,0.0,1.0,2.0,2.0,1.0,2.0,1.0,2.0,1.0,1.0,0.0,2.0,0.0,2.0,1.0,2.0,0.0,1.0
6441,0.0,1.0,2.0,1.0,1.0,0.0,2.0,0.0,2.0,2.0,1.0,0.0,0.0,2.0,2.0,1.0,2.0,1.0,1.0,1.0,2.0,0.0,0.0,0.0,2.0,1.0,1.0,1.0,1.0,1.0,0.0,2.0,1.0,0.0,2.0,0.0,2.0,0.0,0.0,2.0,2.0,2.0,2.0,1.0,2.0,0.0,2.0,1.0,2.0,2.0,2.0,0.0,2.0,0.0,2.0,0.0,2.0,0.0,2.0,1.0,0.0,1.0,0.0,1.0,2.0,0.0,1.0,1.0,0.0,1.0,2.0,1.0,0.0,2.0,2.0,0.0,0.0,0.0,0.0,0.0,1.0,2.0,1.0,0.0,2.0,2.0,2.0,2.0,1.0,2.0,1.0,2.0,0.0,2.0,1.0,2.0,1.0,2.0,0.0,1.0
6442,1.0,1.0,2.0,0.0,0.0,2.0,1.0,1.0,2.0,1.0,2.0,1.0,1.0,2.0,0.0,2.0,2.0,2.0,1.0,1.0,1.0,0.0,0.0,1.0,2.0,1.0,2.0,0.0,0.0,0.0,0.0,2.0,0.0,0.0,0.0,0.0,2.0,1.0,0.0,2.0,2.0,1.0,1.0,0.0,1.0,1.0,0.0,1.0,0.0,0.0,0.0,0.0,2.0,0.0,2.0,1.0,2.0,0.0,2.0,1.0,1.0,1.0,1.0,2.0,1.0,0.0,0.0,0.0,1.0,1.0,2.0,0.0,0.0,1.0,1.0,0.0,0.0,0.0,0.0,0.0,2.0,0.0,0.0,1.0,2.0,0.0,2.0,2.0,2.0,1.0,1.0,2.0,1.0,2.0,2.0,2.0,0.0,2.0,2.0,1.0
6443,1.0,1.0,2.0,1.0,0.0,1.0,2.0,1.0,2.0,1.0,1.0,1.0,0.0,2.0,2.0,1.0,2.0,2.0,2.0,2.0,2.0,0.0,1.0,0.0,2.0,2.0,2.0,1.0,1.0,1.0,0.0,2.0,1.0,0.0,1.0,0.0,1.0,2.0,0.0,2.0,1.0,2.0,2.0,0.0,1.0,0.0,2.0,1.0,1.0,1.0,1.0,0.0,2.0,0.0,2.0,0.0,2.0,0.0,2.0,1.0,1.0,2.0,0.0,1.0,2.0,0.0,0.0,1.0,1.0,1.0,2.0,2.0,0.0,0.0,1.0,0.0,0.0,0.0,0.0,0.0,2.0,1.0,2.0,0.0,2.0,1.0,1.0,2.0,2.0,2.0,0.0,2.0,0.0,2.0,1.0,2.0,1.0,2.0,1.0,2.0
6444,1.0,1.0,1.0,0.0,0.0,0.0,2.0,1.0,2.0,1.0,1.0,1.0,2.0,2.0,2.0,1.0,2.0,0.0,1.0,0.0,1.0,0.0,0.0,1.0,2.0,0.0,2.0,1.0,1.0,0.0,1.0,2.0,2.0,0.0,0.0,1.0,1.0,2.0,1.0,1.0,2.0,0.0,1.0,1.0,0.0,1.0,2.0,1.0,2.0,1.0,0.0,0.0,1.0,0.0,2.0,1.0,2.0,0.0,2.0,1.0,1.0,2.0,0.0,2.0,2.0,0.0,2.0,2.0,1.0,2.0,2.0,2.0,0.0,0.0,1.0,0.0,1.0,0.0,2.0,0.0,2.0,0.0,1.0,1.0,2.0,0.0,2.0,2.0,0.0,1.0,0.0,1.0,0.0,1.0,2.0,2.0,2.0,2.0,1.0,0.0
6445,2.0,2.0,0.0,1.0,0.0,1.0,2.0,2.0,1.0,0.0,2.0,1.0,2.0,1.0,1.0,2.0,2.0,1.0,1.0,1.0,2.0,0.0,0.0,0.0,2.0,0.0,1.0,0.0,0.0,0.0,1.0,1.0,1.0,0.0,0.0,0.0,2.0,0.0,0.0,1.0,2.0,1.0,2.0,1.0,1.0,1.0,2.0,0.0,1.81,0.0,0.0,0.0,2.0,0.0,2.0,2.0,2.0,0.0,2.0,0.0,0.0,1.0,0.0,2.0,2.0,0.0,1.0,1.0,1.0,2.0,1.0,1.0,0.0,2.0,0.0,1.0,2.0,0.0,1.0,0.0,2.0,0.0,0.0,1.0,2.0,1.0,2.0,2.0,1.0,1.79,0.0,1.0,1.0,1.0,1.0,2.0,0.0,2.0,2.0,0.0
6446,2.0,2.0,0.0,1.0,0.0,1.0,1.0,2.0,1.0,2.0,2.0,0.0,2.0,2.0,2.0,2.0,2.0,1.0,2.0,1.0,1.0,0.0,0.0,0.0,2.0,1.0,0.0,0.0,1.0,0.4,1.0,2.0,1.0,0.0,1.0,1.0,2.0,0.0,0.0,1.0,2.0,1.0,2.0,1.0,0.0,1.0,1.0,0.0,2.0,0.0,0.0,0.0,2.0,0.0,2.0,2.0,2.0,0.0,2.0,1.0,0.0,2.0,0.0,2.0,2.0,0.0,1.0,1.0,1.0,1.0,1.0,2.0,0.0,2.0,1.0,1.0,1.0,0.0,1.0,0.0,2.0,1.0,0.0,1.0,2.0,1.0,2.0,2.0,0.0,2.0,0.0,1.0,0.0,1.0,1.0,2.0,1.0,2.0,2.0,0.0
6447,1.0,1.0,2.0,1.0,1.0,1.0,2.0,0.0,2.0,1.0,1.0,1.0,1.0,1.0,1.0,2.0,2.0,0.0,1.0,2.0,1.0,0.0,1.0,0.0,2.0,1.0,2.0,0.0,0.0,0.0,0.0,2.0,0.0,0.0,1.0,0.0,2.0,2.0,1.0,1.0,2.0,1.0,2.0,0.0,0.0,1.0,2.0,2.0,0.0,1.0,0.0,0.0,2.0,0.0,2.0,1.0,2.0,0.0,2.0,1.0,1.0,2.0,1.0,2.0,2.0,0.0,2.0,1.0,1.0,0.0,2.0,2.0,0.0,0.0,2.0,0.0,1.0,0.0,0.0,0.0,1.0,1.0,0.0,1.0,2.0,1.0,1.0,2.0,2.0,1.0,0.0,1.0,0.0,2.0,2.0,2.0,1.0,2.0,1.0,2.0
6448,1.0,2.0,2.0,1.0,1.0,1.0,1.0,1.0,2.0,1.0,1.0,1.0,0.0,2.0,2.0,2.0,2.0,1.0,1.0,2.0,1.0,0.0,0.0,1.0,2.0,0.0,2.0,0.0,2.0,0.0,1.0,1.0,0.0,0.0,1.0,0.0,1.0,1.0,0.0,2.0,2.0,0.0,2.0,0.0,0.0,2.0,0.0,1.0,2.0,0.0,0.0,0.0,2.0,0.0,1.0,1.0,2.0,0.0,2.0,2.0,1.0,2.0,1.0,1.0,2.0,0.0,1.0,1.0,0.0,0.0,2.0,2.0,1.0,0.0,0.0,0.0,0.0,0.0,0.0,0.0,1.0,0.0,0.0,2.0,2.0,1.0,1.0,2.0,0.0,0.0,1.0,0.0,0.0,2.0,1.0,2.0,2.0,2.0,0.0,0.0
6449,0.0,2.0,2.0,1.0,1.0,0.0,2.0,1.0,2.0,1.0,1.0,2.0,0.0,2.0,1.0,2.0,2.0,1.0,1.0,0.0,1.0,0.0,0.0,0.0,2.0,1.0,0.0,0.0,0.0,0.0,1.0,2.0,1.0,0.0,0.0,0.0,2.0,2.0,1.0,2.0,2.0,1.0,2.0,1.0,2.0,1.0,1.0,1.0,2.0,1.0,1.0,0.0,2.0,0.0,1.0,0.0,2.0,0.0,2.0,0.0,1.0,1.0,0.0,2.0,2.0,0.0,0.0,0.0,0.0,1.0,2.0,2.0,0.0,0.0,1.0,0.0,1.0,0.0,0.0,0.0,2.0,1.0,0.0,1.0,2.0,1.0,1.0,2.0,0.0,2.0,1.0,1.0,0.0,2.0,2.0,1.0,1.0,2.0,0.0,0.0
6450,0.0,1.0,2.0,1.0,0.0,1.0,2.0,1.0,1.0,0.0,1.0,1.0,2.0,2.0,2.0,0.0,1.0,1.0,2.0,2.0,2.0,0.0,1.0,1.0,2.0,0.0,0.0,1.0,1.0,0.0,0.0,2.0,0.0,0.0,1.0,1.0,1.0,1.0,0.0,2.0,2.0,0.0,1.0,0.0,0.0,1.0,1.0,2.0,2.0,0.0,1.0,0.0,2.0,1.0,2.0,2.0,2.0,0.0,2.0,2.0,0.0,2.0,2.0,1.0,2.0,0.0,2.0,1.0,0.0,1.0,2.0,0.0,0.0,1.0,1.0,0.0,0.0,0.0,0.0,0.0,2.0,0.0,1.0,1.0,2.0,0.0,2.0,2.0,0.0,0.0,0.0,0.0,0.0,2.0,1.0,1.0,1.0,2.0,1.0,1.0
6451,2.0,1.0,2.0,0.0,0.0,1.0,2.0,1.0,1.0,0.0,0.0,1.0,1.0,2.0,2.0,2.0,2.0,1.0,1.0,2.0,2.0,0.0,0.0,1.0,2.0,0.0,0.0,0.0,1.0,1.0,1.0,2.0,1.0,0.0,0.0,1.0,2.0,1.0,0.0,2.0,2.0,2.0,2.0,2.0,0.0,1.0,1.0,1.0,2.0,0.0,0.0,0.0,2.0,1.0,2.0,1.0,2.0,0.0,2.0,2.0,1.0,2.0,1.0,1.0,2.0,0.0,1.0,1.0,0.0,1.0,2.0,0.0,0.0,1.0,1.0,0.0,1.0,0.0,0.0,0.0,2.0,0.0,1.0,0.0,2.0,1.0,2.0,2.0,0.0,0.0,0.0,0.0,0.0,2.0,1.0,1.0,1.0,2.0,2.0,1.0
6453,1.0,1.0,2.0,2.0,0.0,1.0,1.0,0.0,2.0,0.0,2.0,0.0,1.0,2.0,2.0,2.0,2.0,1.0,0.0,2.0,2.0,0.0,0.0,2.0,2.0,1.0,2.0,0.0,1.0,1.0,0.0,2.0,1.0,1.0,2.0,2.0,1.0,1.0,0.0,2.0,2.0,2.0,1.0,2.0,1.0,0.0,2.0,0.0,2.0,0.0,1.0,0.0,2.0,0.0,0.0,1.0,2.0,0.0,2.0,2.0,1.0,2.0,1.0,0.0,1.0,0.0,0.0,0.0,1.0,1.0,2.0,1.0,0.0,1.0,2.0,0.0,1.0,0.0,0.0,0.0,2.0,1.0,0.0,2.0,2.0,2.0,2.0,2.0,0.0,1.0,0.0,1.0,0.0,2.0,1.0,2.0,1.0,2.0,0.0,1.0
6454,1.0,2.0,2.0,1.0,1.0,0.0,2.0,1.0,2.0,2.0,1.0,2.0,0.0,2.0,2.0,2.0,2.0,2.0,1.0,0.0,2.0,0.0,1.0,1.0,2.0,1.0,1.0,1.0,1.0,1.0,0.0,2.0,0.0,0.0,0.0,1.0,2.0,2.0,0.0,1.0,2.0,1.0,2.0,0.0,1.0,2.0,2.0,2.0,2.0,1.0,1.0,0.0,2.0,0.0,2.0,1.0,1.0,0.0,2.0,1.0,1.0,2.0,0.0,2.0,2.0,0.0,1.0,0.0,1.0,0.0,2.0,2.0,0.0,0.0,1.0,0.0,1.0,0.0,0.0,0.0,2.0,0.0,0.0,1.0,2.0,2.0,1.0,1.0,0.0,2.0,1.0,2.0,0.0,2.0,1.0,1.0,1.0,2.0,0.0,0.0
6455,1.0,1.0,1.0,2.0,0.0,2.0,2.0,1.0,0.0,1.0,0.0,1.0,2.0,2.0,1.0,2.0,2.0,1.0,1.0,2.0,2.0,0.0,0.0,0.0,2.0,0.0,2.0,0.0,0.0,0.0,0.0,2.0,2.0,0.0,0.0,0.0,1.0,0.0,1.0,2.0,1.0,2.0,1.0,1.0,0.0,1.0,1.0,1.0,2.0,1.0,0.0,0.0,1.0,0.0,2.0,0.0,2.0,0.0,2.0,2.0,0.0,2.0,0.0,1.0,1.0,0.0,1.0,0.0,0.0,1.0,2.0,1.0,0.0,1.0,2.0,0.0,2.0,0.0,1.0,0.0,2.0,1.0,0.0,1.0,2.0,2.0,1.0,2.0,1.0,0.0,2.0,0.0,0.0,2.0,2.0,2.0,0.0,2.0,1.0,2.0
6457,0.0,2.0,2.0,2.0,2.0,0.0,2.0,1.0,2.0,1.0,2.0,0.0,1.0,2.0,1.0,1.0,2.0,1.0,1.0,0.0,1.0,0.0,0.0,0.0,2.0,0.0,0.0,1.0,0.0,1.0,0.0,2.0,1.0,0.0,1.0,1.0,2.0,1.0,1.0,2.0,1.0,2.0,1.0,2.0,1.0,0.0,2.0,1.0,1.0,1.0,1.0,0.0,2.0,0.0,1.0,0.0,2.0,0.0,2.0,0.0,0.0,2.0,1.0,2.0,2.0,0.0,2.0,1.0,0.0,1.0,1.0,2.0,0.0,1.0,1.0,0.0,1.0,0.0,0.0,0.0,1.0,1.0,1.0,0.0,2.0,2.0,1.0,1.0,1.0,2.0,0.0,1.0,0.0,2.0,1.0,2.0,1.0,2.0,1.0,1.0
6458,0.0,1.0,1.0,2.0,1.0,0.0,2.0,0.0,2.0,1.0,0.0,1.0,1.0,2.0,2.0,2.0,2.0,0.0,0.0,0.0,1.0,0.0,0.0,0.0,2.0,1.0,0.0,1.0,0.0,0.0,0.0,2.0,1.0,0.0,1.0,1.0,2.0,1.0,1.0,2.0,2.0,2.0,2.0,1.0,1.0,1.0,2.0,2.0,1.0,1.0,1.0,0.0,2.0,0.0,1.0,1.0,2.0,0.0,2.0,0.0,0.0,1.0,1.0,1.0,2.0,0.0,1.0,1.0,0.0,2.0,1.0,1.0,0.0,1.0,2.0,0.0,1.0,0.0,0.0,0.0,1.0,1.0,1.0,0.0,2.0,2.0,2.0,1.0,1.0,2.0,1.0,1.0,0.0,2.0,2.0,2.0,1.0,2.0,0.0,1.0
6459,0.0,1.0,2.0,1.0,1.0,0.0,2.0,1.0,2.0,1.0,1.0,1.0,1.0,2.0,1.0,1.0,2.0,1.0,1.0,1.0,1.0,0.0,0.0,0.0,2.0,0.0,0.0,2.0,1.0,0.0,0.0,2.0,2.0,0.0,1.0,1.0,2.0,0.0,1.0,2.0,1.0,2.0,1.0,1.0,1.0,1.0,2.0,1.0,1.0,1.0,1.0,0.0,2.0,0.0,1.0,1.0,2.0,0.0,2.0,1.0,1.0,1.0,1.0,0.0,2.0,0.0,2.0,2.0,0.0,2.0,1.0,2.0,0.0,2.0,1.0,0.0,1.0,0.0,0.0,0.0,2.0,1.0,0.0,0.0,2.0,2.0,1.0,1.0,1.0,2.0,0.0,1.0,0.0,2.0,2.0,2.0,2.0,2.0,0.0,1.0
6461,2.0,1.0,2.0,0.0,0.0,0.0,2.0,2.0,2.0,1.0,1.0,2.0,2.0,2.0,2.0,2.0,2.0,0.0,1.0,1.0,1.0,0.0,1.0,1.0,2.0,1.0,1.0,0.0,2.0,1.0,1.0,2.0,2.0,0.0,0.0,1.0,2.0,1.0,1.0,2.0,2.0,2.0,2.0,1.0,0.0,1.0,2.0,1.0,2.0,0.0,0.0,0.0,2.0,0.0,2.0,1.0,2.0,0.0,2.0,2.0,0.0,2.0,1.0,2.0,2.0,0.0,1.0,0.0,0.0,1.0,2.0,0.0,0.0,1.0,0.0,0.0,2.0,0.0,0.0,0.0,2.0,0.0,0.0,0.0,2.0,2.0,1.0,2.0,0.0,1.0,1.0,0.0,0.0,2.0,2.0,2.0,0.0,2.0,1.0,0.0
6462,2.0,0.0,2.0,0.0,1.0,1.0,1.0,2.0,2.0,0.0,0.0,1.0,1.0,2.0,1.0,2.0,2.0,1.0,0.0,1.0,2.0,0.0,1.0,1.0,2.0,1.0,1.0,0.0,1.0,2.0,1.0,2.0,1.0,0.0,0.0,1.0,2.0,1.0,1.0,2.0,2.0,2.0,2.0,1.0,0.0,1.0,1.0,1.0,2.0,0.0,0.0,0.0,2.0,0.0,2.0,1.0,2.0,0.0,2.0,2.0,1.0,2.0,0.0,1.0,2.0,0.0,1.0,0.0,1.0,1.0,2.0,0.0,0.0,1.0,1.0,0.0,1.0,0.0,0.0,0.0,1.0,0.0,1.0,0.0,2.0,0.0,2.0,2.0,0.0,1.0,1.0,0.0,0.0,2.0,1.0,2.0,0.0,2.0,1.0,2.0
6463,0.0,1.0,1.0,1.0,0.0,0.0,0.0,0.0,2.0,1.0,1.0,0.0,1.0,2.0,1.0,2.0,2.0,1.0,0.0,2.0,2.0,0.0,1.0,1.0,2.0,1.0,2.0,0.0,2.0,0.0,0.0,2.0,1.0,1.0,2.0,1.0,2.0,1.0,1.0,2.0,2.0,1.0,2.0,1.0,2.0,1.0,2.0,1.0,1.0,1.0,0.0,0.0,1.0,0.0,1.0,2.0,2.0,0.0,2.0,1.0,0.0,1.0,1.0,0.0,1.0,0.0,2.0,2.0,1.0,1.0,2.0,1.0,0.0,1.0,2.0,0.0,0.0,0.0,1.0,0.0,2.0,0.0,0.0,1.0,2.0,1.0,2.0,2.0,1.0,2.0,1.0,1.0,0.0,2.0,2.0,2.0,2.0,2.0,0.0,0.0
6464,0.0,0.0,2.0,2.0,1.0,1.0,1.0,1.0,2.0,1.0,2.0,0.0,1.0,1.0,1.0,2.0,2.0,2.0,0.0,2.0,2.0,0.0,0.0,1.0,2.0,1.0,1.0,0.0,1.0,1.0,0.0,2.0,1.0,1.0,2.0,1.0,1.0,1.0,1.0,2.0,1.0,1.0,1.0,2.0,2.0,1.0,1.0,0.0,1.0,0.0,1.0,0.0,1.0,0.0,1.0,0.0,2.0,0.0,2.0,2.0,1.0,2.0,0.0,0.0,1.0,0.0,1.0,1.0,0.0,1.0,2.0,2.0,0.0,1.0,2.0,0.0,1.0,0.0,1.0,0.0,1.0,1.0,0.0,1.0,2.0,2.0,1.0,2.0,1.0,1.0,0.0,1.0,0.0,2.0,0.0,2.0,2.0,1.0,0.0,0.0
6465,0.0,1.0,2.0,1.0,1.0,0.0,1.0,1.0,0.0,1.0,0.0,0.0,1.0,1.0,2.0,0.0,1.0,1.0,2.0,2.0,2.0,1.0,1.0,1.0,2.0,1.0,1.0,2.0,1.0,0.0,0.0,2.0,1.0,0.0,1.0,0.0,1.0,1.0,1.0,2.0,2.0,0.0,2.0,1.0,0.0,2.0,2.0,2.0,1.0,0.0,1.0,0.0,2.0,1.0,2.0,1.0,2.0,0.0,2.0,2.0,0.0,2.0,1.0,2.0,2.0,0.0,1.0,2.0,0.0,1.0,2.0,1.0,1.0,1.0,0.0,0.0,1.0,0.0,0.0,0.0,2.0,0.0,0.0,1.0,2.0,0.0,2.0,1.0,0.0,1.0,1.0,1.0,0.0,2.0,1.0,1.0,1.0,2.0,1.0,1.0
6466,0.0,1.0,2.0,1.0,1.0,1.0,2.0,1.0,2.0,1.0,2.0,1.0,0.0,1.0,2.0,2.0,2.0,1.0,0.0,0.0,1.0,0.0,0.0,0.0,2.0,0.0,1.0,1.0,2.0,1.0,0.0,1.0,1.0,0.0,2.0,0.0,1.0,1.0,0.0,2.0,2.0,1.0,2.0,2.0,0.0,1.0,2.0,1.0,0.0,1.0,0.0,0.0,2.0,0.0,1.0,1.0,2.0,0.0,2.0,1.0,2.0,2.0,1.0,2.0,1.0,0.0,2.0,0.0,0.0,0.0,2.0,0.0,0.0,1.0,1.0,0.0,1.0,0.0,0.0,0.0,1.0,0.0,1.0,0.0,2.0,1.0,1.0,2.0,1.0,2.0,1.0,0.0,0.0,2.0,1.0,2.0,1.0,2.0,2.0,1.0
6467,1.0,2.0,1.0,2.0,0.0,0.0,2.0,1.0,2.0,1.0,0.0,0.0,1.0,2.0,1.0,2.0,2.0,2.0,1.0,2.0,1.0,0.0,0.0,1.0,2.0,1.0,1.0,0.0,1.0,1.0,0.0,2.0,1.0,0.0,0.0,2.0,2.0,0.0,1.0,2.0,1.0,2.0,2.0,1.0,0.0,1.0,2.0,1.0,1.0,1.0,0.0,1.0,2.0,1.0,2.0,1.0,2.0,0.0,2.0,2.0,1.0,2.0,1.0,2.0,1.0,0.0,2.0,2.0,1.0,0.0,1.0,1.0,0.0,2.0,1.0,0.0,2.0,0.0,0.0,0.0,2.0,0.0,0.0,1.0,2.0,2.0,2.0,2.0,1.0,0.0,1.0,0.0,0.0,2.0,1.0,1.0,1.0,2.0,2.0,1.0
6468,1.0,1.0,1.0,1.0,0.0,1.0,1.0,2.0,2.0,0.0,1.0,1.0,0.0,2.0,1.0,2.0,2.0,1.0,0.0,1.0,2.0,0.0,1.0,0.0,2.0,2.0,1.0,0.0,0.0,1.0,1.0,2.0,1.0,0.0,1.0,1.0,2.0,1.0,0.0,2.0,2.0,2.0,2.0,2.0,1.0,0.0,1.0,0.0,2.0,1.0,0.0,0.0,2.0,0.0,2.0,1.0,2.0,0.0,2.0,2.0,1.0,2.0,1.0,1.0,1.0,0.0,2.0,0.0,1.0,1.0,2.0,1.0,0.0,1.0,2.0,0.0,1.0,0.0,0.0,0.0,2.0,0.0,1.0,1.0,2.0,0.0,2.0,2.0,0.0,1.0,0.0,0.0,0.0,2.0,1.0,2.0,1.0,2.0,2.0,1.0
6469,2.0,2.0,2.0,1.0,0.0,0.0,1.0,2.0,1.0,0.0,1.0,2.0,2.0,2.0,2.0,2.0,2.0,0.0,0.0,1.0,1.0,0.0,1.0,0.0,2.0,2.0,2.0,0.0,1.0,1.0,0.0,2.0,1.0,0.0,0.0,1.0,1.0,2.0,1.0,2.0,2.0,1.0,2.0,0.0,0.0,1.0,2.0,2.0,1.0,0.0,0.0,0.0,2.0,0.0,2.0,1.0,2.0,0.0,2.0,2.0,0.0,2.0,1.0,1.0,2.0,0.0,1.0,0.0,1.0,0.0,1.0,1.0,0.0,0.0,0.0,1.0,2.0,0.0,0.0,0.0,2.0,0.0,0.0,1.0,2.0,1.0,1.0,1.0,0.0,2.0,2.0,1.0,0.0,2.0,2.0,2.0,0.0,2.0,1.0,1.0
6470,0.0,1.0,1.0,2.0,1.0,0.0,1.0,0.0,2.0,1.0,2.0,0.0,1.0,1.0,1.0,1.0,2.0,1.0,0.0,2.0,1.0,0.0,0.0,0.0,2.0,1.0,1.0,0.0,1.0,0.0,0.0,2.0,1.0,0.0,1.0,1.0,1.0,1.0,2.0,2.0,2.0,1.0,1.0,2.0,2.0,1.0,2.0,1.0,1.0,0.0,1.0,0.0,1.0,0.0,0.0,1.0,2.0,0.0,2.0,2.0,0.0,2.0,1.0,1.0,2.0,0.0,0.0,2.0,1.0,2.0,2.0,1.0,0.0,1.0,2.0,0.0,2.0,0.0,1.0,0.0,1.0,1.0,0.0,1.0,2.0,2.0,1.0,2.0,2.0,0.0,0.0,0.0,0.0,2.0,1.0,2.0,1.0,2.0,1.0,0.0
6471,1.0,1.0,2.0,1.0,1.0,1.0,2.0,0.0,1.0,0.0,1.0,1.0,1.0,1.0,2.0,1.0,1.0,1.0,1.0,2.0,2.0,0.0,1.0,1.0,2.0,2.0,1.0,1.0,0.0,1.0,0.0,2.0,2.0,0.0,0.0,1.0,2.0,2.0,1.0,2.0,2.0,1.0,2.0,1.0,0.0,2.0,2.0,1.0,1.0,0.0,1.0,0.0,2.0,0.0,2.0,1.0,2.0,0.0,2.0,2.0,0.0,2.0,1.0,2.0,1.0,0.0,2.0,1.0,1.0,2.0,2.0,1.0,1.0,0.0,0.0,0.0,2.0,0.0,0.0,0.0,2.0,0.0,0.0,2.0,2.0,1.0,2.0,1.0,0.0,2.0,1.0,2.0,0.0,2.0,1.0,2.0,0.0,2.0,0.0,1.0
6473,0.0,2.0,2.0,1.0,1.0,2.0,2.0,1.0,2.0,0.0,1.0,1.0,1.0,2.0,1.0,1.0,2.0,2.0,1.0,2.0,0.0,0.0,1.0,0.0,2.0,0.0,2.0,0.0,1.0,0.0,0.0,1.0,2.0,0.0,1.0,1.0,0.0,2.0,0.0,2.0,2.0,2.0,1.0,1.0,0.0,1.0,2.0,0.0,0.0,0.0,0.0,0.0,2.0,0.0,1.0,0.0,2.0,0.0,2.0,1.0,1.0,2.0,1.0,2.0,2.0,0.0,2.0,1.0,0.0,1.0,1.0,1.0,0.0,0.0,0.0,0.0,0.0,0.0,1.0,0.0,2.0,0.0,1.0,1.0,2.0,2.0,1.0,2.0,1.0,1.0,1.0,0.0,0.0,2.0,2.0,2.0,1.0,2.0,1.0,1.0
